,Updated on,Updated at,latitude,longitude,velocity,road_class,,,
0,2022-12-06,16:43:09,0.0,0.0,0.0,1.0,,,
1,2022-12-06,16:43:14,0.0,0.0,0.0,1.0,,,
2,2022-12-06,16:43:20,0.0,0.0,0.0,1.0,,,
3,2022-12-06,16:43:25,0.0,0.0,0.0,1.0,,,
4,2022-12-06,16:43:31,0.0,0.0,0.0,1.0,,,
5,2022-12-06,16:43:37,0.0,0.0,0.0,1.0,,,
6,2022-12-06,16:43:42,0.0,0.0,0.0,1.0,,,
7,2022-12-06,16:43:47,0.0,0.0,0.0,1.0,,,
8,2022-12-06,16:43:53,0.0,0.0,0.0,1.0,,,
9,2022-12-06,16:43:58,0.0,0.0,0.0,1.0,,,
10,2022-12-06,16:44:04,0.0,0.0,0.0,1.0,,,
11,2022-12-06,16:44:09,0.0,0.0,0.0,1.0,,,
12,2022-12-06,16:44:15,0.0,0.0,0.0,1.0,,,
13,2022-12-06,16:44:20,0.0,0.0,0.0,1.0,,,
14,2022-12-06,16:44:26,0.0,0.0,0.0,1.0,,,
15,2022-12-06,16:44:31,0.0,0.0,0.0,1.0,,,
16,2022-12-06,16:44:37,0.0,0.0,0.0,1.0,,,
17,2022-12-06,16:44:42,0.0,0.0,0.0,1.0,,,
18,2022-12-06,16:44:48,0.0,0.0,0.0,1.0,,,
19,2022-12-06,16:44:53,0.0,0.0,0.0,1.0,,,
20,2022-12-06,16:44:59,0.0,0.0,0.0,1.0,,,
21,2022-12-06,16:45:04,0.0,0.0,0.0,1.0,,,
22,2022-12-06,16:45:10,0.0,0.0,0.0,1.0,,,
23,2022-12-06,16:45:15,0.0,0.0,0.0,1.0,,,
24,2022-12-06,16:45:21,0.0,0.0,0.0,1.0,,,
25,2022-12-06,16:45:26,0.0,0.0,0.0,1.0,,,
26,2022-12-06,16:45:32,0.0,0.0,0.0,1.0,,,
27,2022-12-06,16:45:37,0.0,0.0,0.0,1.0,,,
28,2022-12-06,16:45:43,0.0,0.0,0.0,1.0,,,
29,2022-12-06,16:45:48,0.0,0.0,0.0,1.0,,,
30,2022-12-06,16:45:54,0.0,0.0,0.0,1.0,,,
31,2022-12-06,16:45:59,0.0,0.0,0.0,1.0,,,
32,2022-12-06,16:46:05,0.0,0.0,0.0,1.0,,,
33,2022-12-06,16:46:10,0.0,0.0,0.0,1.0,,,
34,2022-12-06,16:46:16,0.0,0.0,0.0,1.0,,,
35,2022-12-06,16:46:23,0.0,0.0,0.0,1.0,,,
36,2022-12-06,16:46:27,0.0,0.0,0.0,1.0,,,
37,2022-12-06,16:46:33,0.0,0.0,0.0,1.0,,,
38,2022-12-06,16:46:38,0.0,0.0,0.0,1.0,,,
39,2022-12-06,16:46:44,0.0,0.0,0.0,1.0,,,
40,2022-12-06,16:46:49,0.0,0.0,0.0,1.0,,,
41,2022-12-06,16:46:55,0.0,0.0,0.0,1.0,,,
42,2022-12-06,16:47:00,0.0,0.0,0.0,1.0,,,
43,2022-12-06,16:47:05,0.0,0.0,0.0,1.0,,,
44,2022-12-06,16:47:11,0.0,0.0,0.0,1.0,,,
45,2022-12-06,16:47:16,0.0,0.0,0.0,1.0,,,
46,2022-12-06,16:47:22,0.0,0.0,0.0,1.0,,,
47,2022-12-06,16:47:27,0.0,0.0,0.0,1.0,,,
48,2022-12-06,16:47:33,0.0,0.0,0.0,1.0,,,
49,2022-12-06,16:47:39,0.0,0.0,0.0,1.0,,,
50,2022-12-06,16:47:44,0.0,0.0,0.0,1.0,,,
51,2022-12-06,16:47:49,0.0,0.0,0.0,1.0,,,
52,2022-12-06,16:47:55,0.0,0.0,0.0,1.0,,,
53,2022-12-06,16:48:01,0.0,0.0,0.0,1.0,,,
54,2022-12-06,16:48:06,0.0,0.0,0.0,1.0,,,
55,2022-12-06,16:48:12,0.0,0.0,0.0,1.0,,,
56,2022-12-06,16:48:17,0.0,0.0,0.0,1.0,,,
57,2022-12-06,16:48:23,0.0,0.0,0.0,1.0,,,
58,2022-12-06,16:48:28,0.0,0.0,0.0,1.0,,,
59,2022-12-06,16:48:33,0.0,0.0,0.0,1.0,,,
60,2022-12-06,16:48:39,0.0,0.0,0.0,1.0,,,
61,2022-12-06,16:48:44,0.0,0.0,0.0,1.0,,,
62,2022-12-06,16:48:50,0.0,0.0,0.0,1.0,,,
63,2022-12-06,16:48:56,0.0,0.0,0.0,1.0,,,
64,2022-12-06,16:49:01,0.0,0.0,0.0,1.0,,,
65,2022-12-06,16:49:06,0.0,0.0,0.0,1.0,,,
66,2022-12-06,16:49:12,0.0,0.0,0.0,1.0,,,
67,2022-12-06,16:49:17,0.0,0.0,0.0,1.0,,,
68,2022-12-06,16:49:25,0.0,0.0,0.0,1.0,,,
69,2022-12-06,16:49:28,0.0,0.0,0.0,1.0,,,
70,2022-12-06,16:49:34,0.0,0.0,0.0,1.0,,,
71,2022-12-06,16:49:39,0.0,0.0,0.0,1.0,,,
72,2022-12-06,16:49:45,0.0,0.0,0.0,1.0,,,
73,2022-12-06,16:49:50,0.0,0.0,0.0,1.0,,,
74,2022-12-06,16:49:56,0.0,0.0,0.0,1.0,,,
75,2022-12-06,16:50:01,0.0,0.0,0.0,1.0,,,
76,2022-12-06,16:50:07,0.0,0.0,0.0,1.0,,,
77,2022-12-06,16:50:12,0.0,0.0,0.0,1.0,,,
78,2022-12-06,16:50:18,0.0,0.0,0.0,1.0,,,
79,2022-12-06,16:50:23,0.0,0.0,0.0,1.0,,,
80,2022-12-06,16:50:29,0.0,0.0,0.0,1.0,,,
81,2022-12-06,16:50:34,0.0,0.0,0.0,1.0,,,
82,2022-12-06,16:50:40,0.0,0.0,0.0,1.0,,,
83,2022-12-06,16:50:45,0.0,0.0,0.0,1.0,,,
84,2022-12-06,16:50:51,0.0,0.0,0.0,1.0,,,
85,2022-12-06,16:50:56,0.0,0.0,0.0,1.0,,,
86,2022-12-06,16:51:02,0.0,0.0,0.0,1.0,,,
87,2022-12-06,16:51:08,0.0,0.0,0.0,1.0,,,
88,2022-12-06,16:51:13,0.0,0.0,0.0,1.0,,,
89,2022-12-06,16:51:18,0.0,0.0,0.0,1.0,,,
90,2022-12-06,16:51:24,0.0,0.0,0.0,1.0,,,
91,2022-12-06,16:51:29,0.0,0.0,0.0,1.0,,,
92,2022-12-06,16:51:35,0.0,0.0,0.0,1.0,,,
93,2022-12-06,16:51:41,0.0,0.0,0.0,1.0,,,
94,2022-12-06,16:51:46,0.0,0.0,0.0,1.0,,,
95,2022-12-06,16:51:52,0.0,0.0,0.0,1.0,,,
96,2022-12-06,16:51:57,0.0,0.0,0.0,1.0,,,
97,2022-12-06,16:52:03,0.0,0.0,0.0,1.0,,,
98,2022-12-06,16:52:09,0.0,0.0,0.0,1.0,,,
99,2022-12-06,16:52:14,0.0,0.0,0.0,1.0,,,
100,2022-12-06,16:52:20,0.0,0.0,0.0,1.0,,,
101,2022-12-06,16:52:25,0.0,0.0,0.0,1.0,,,
102,2022-12-06,16:52:31,0.0,0.0,0.0,1.0,,,
103,2022-12-06,16:52:36,0.0,0.0,0.0,1.0,,,
104,2022-12-06,16:52:41,0.0,0.0,0.0,1.0,,,
105,2022-12-06,16:52:47,0.0,0.0,0.0,1.0,,,
106,2022-12-06,16:52:52,0.0,0.0,0.0,1.0,,,
107,2022-12-06,16:52:58,0.0,0.0,0.0,1.0,,,
108,2022-12-06,16:53:05,0.0,0.0,0.0,1.0,,,
109,2022-12-06,16:53:09,0.0,0.0,0.0,1.0,,,
110,2022-12-06,16:53:15,0.0,0.0,0.0,1.0,,,
111,2022-12-06,16:53:20,0.0,0.0,0.0,1.0,,,
112,2022-12-06,16:53:26,0.0,0.0,0.0,1.0,,,
113,2022-12-06,16:53:32,0.0,0.0,0.0,1.0,,,
114,2022-12-06,16:53:37,0.0,0.0,0.0,1.0,,,
115,2022-12-06,16:53:42,0.0,0.0,0.0,1.0,,,
116,2022-12-06,16:53:48,0.0,0.0,0.0,1.0,,,
117,2022-12-06,16:53:53,0.0,0.0,0.0,1.0,,,
118,2022-12-06,16:53:59,0.0,0.0,0.0,1.0,,,
119,2022-12-06,16:54:05,0.0,0.0,0.0,1.0,,,
120,2022-12-06,16:54:10,0.0,0.0,0.0,1.0,,,
121,2022-12-06,16:54:16,0.0,0.0,0.0,1.0,,,
122,2022-12-06,16:54:21,0.0,0.0,0.0,1.0,,,
123,2022-12-06,16:54:27,0.0,0.0,0.0,1.0,,,
124,2022-12-06,16:54:32,0.0,0.0,0.0,1.0,,,
125,2022-12-06,16:54:37,0.0,0.0,0.0,1.0,,,
126,2022-12-06,16:54:43,0.0,0.0,0.0,1.0,,,
127,2022-12-06,16:54:48,0.0,0.0,0.0,1.0,,,
128,2022-12-06,16:54:54,0.0,0.0,0.0,1.0,,,
129,2022-12-06,16:54:59,0.0,0.0,0.0,1.0,,,
130,2022-12-06,16:55:05,0.0,0.0,0.0,1.0,,,
131,2022-12-06,16:55:11,0.0,0.0,0.0,1.0,,,
132,2022-12-06,16:55:16,0.0,0.0,0.0,1.0,,,
133,2022-12-06,16:55:21,0.0,0.0,0.0,1.0,,,
134,2022-12-06,16:55:27,0.0,0.0,0.0,1.0,,,
135,2022-12-06,16:55:32,0.0,0.0,0.0,1.0,,,
136,2022-12-06,16:55:38,0.0,0.0,0.0,1.0,,,
137,2022-12-06,16:55:43,0.0,0.0,0.0,1.0,,,
138,2022-12-06,16:55:49,0.0,0.0,0.0,1.0,,,
139,2022-12-06,16:55:54,0.0,0.0,0.0,1.0,,,
140,2022-12-06,16:56:00,0.0,0.0,0.0,1.0,,,
141,2022-12-06,16:56:05,0.0,0.0,0.0,1.0,,,
142,2022-12-06,16:56:10,0.0,0.0,0.0,1.0,,,
143,2022-12-06,16:56:16,0.0,0.0,0.0,1.0,,,
144,2022-12-06,16:56:22,0.0,0.0,0.0,1.0,,,
145,2022-12-06,16:56:27,0.0,0.0,0.0,1.0,,,
146,2022-12-06,16:56:33,0.0,0.0,0.0,1.0,,,
147,2022-12-06,16:56:38,0.0,0.0,0.0,1.0,,,
148,2022-12-06,16:56:44,0.0,0.0,0.0,1.0,,,
149,2022-12-06,16:56:49,0.0,0.0,0.0,1.0,,,
150,2022-12-06,16:56:55,0.0,0.0,0.0,1.0,,,
151,2022-12-06,16:57:00,0.0,0.0,0.0,1.0,,,
152,2022-12-06,16:57:05,0.0,0.0,0.0,1.0,,,
153,2022-12-06,16:57:11,0.0,0.0,0.0,1.0,,,
154,2022-12-06,16:57:16,0.0,0.0,0.0,1.0,,,
155,2022-12-06,16:57:22,0.0,0.0,0.0,1.0,,,
156,2022-12-06,16:57:27,0.0,0.0,0.0,1.0,,,
157,2022-12-06,16:57:33,0.0,0.0,0.0,1.0,,,
158,2022-12-06,16:57:38,0.0,0.0,0.0,1.0,,,
159,2022-12-06,16:57:44,0.0,0.0,0.0,1.0,,,
160,2022-12-06,16:57:49,0.0,0.0,0.0,1.0,,,
161,2022-12-06,16:57:55,0.0,0.0,0.0,1.0,,,
162,2022-12-06,16:58:00,0.0,0.0,0.0,1.0,,,
163,2022-12-06,16:58:06,0.0,0.0,0.0,1.0,,,
164,2022-12-06,16:58:11,0.0,0.0,0.0,1.0,,,
165,2022-12-06,16:58:16,0.0,0.0,0.0,1.0,,,
166,2022-12-06,16:58:22,0.0,0.0,0.0,1.0,,,
167,2022-12-06,16:58:27,0.0,0.0,0.0,1.0,,,
168,2022-12-06,16:58:33,0.0,0.0,0.0,1.0,,,
169,2022-12-06,16:58:38,0.0,0.0,0.0,1.0,,,
170,2022-12-06,16:58:44,0.0,0.0,0.0,1.0,,,
171,2022-12-06,16:58:49,0.0,0.0,0.0,1.0,,,
172,2022-12-06,16:58:55,0.0,0.0,0.0,1.0,,,
173,2022-12-06,16:59:00,0.0,0.0,0.0,1.0,,,
174,2022-12-06,16:59:06,0.0,0.0,0.0,1.0,,,
175,2022-12-06,16:59:11,0.0,0.0,0.0,1.0,,,
176,2022-12-06,16:59:17,0.0,0.0,0.0,1.0,,,
177,2022-12-06,16:59:22,0.0,0.0,0.0,1.0,,,
178,2022-12-06,16:59:27,0.0,0.0,0.0,1.0,,,
179,2022-12-06,16:59:33,0.0,0.0,0.0,1.0,,,
180,2022-12-06,16:59:38,0.0,0.0,0.0,1.0,,,
181,2022-12-06,16:59:44,0.0,0.0,0.0,1.0,,,
182,2022-12-06,16:59:50,0.0,0.0,0.0,1.0,,,
183,2022-12-06,16:59:55,0.0,0.0,0.0,1.0,,,
184,2022-12-06,17:00:01,0.0,0.0,0.0,1.0,,,
185,2022-12-06,17:00:06,0.0,0.0,0.0,1.0,,,
186,2022-12-06,17:00:12,0.0,0.0,0.0,1.0,,,
187,2022-12-06,17:00:17,0.0,0.0,0.0,1.0,,,
188,2022-12-06,17:00:23,0.0,0.0,0.0,1.0,,,
189,2022-12-06,17:00:28,0.0,0.0,0.0,1.0,,,
190,2022-12-06,17:00:34,0.0,0.0,0.0,1.0,,,
191,2022-12-06,17:00:39,0.0,0.0,0.0,1.0,,,
192,2022-12-06,17:00:45,0.0,0.0,0.0,1.0,,,
193,2022-12-06,17:00:51,0.0,0.0,0.0,1.0,,,
194,2022-12-06,17:00:56,0.0,0.0,0.0,1.0,,,
195,2022-12-06,17:01:02,0.0,0.0,0.0,1.0,,,
196,2022-12-06,17:01:07,0.0,0.0,0.0,1.0,,,
197,2022-12-06,17:01:13,0.0,0.0,0.0,1.0,,,
198,2022-12-06,17:01:18,0.0,0.0,0.0,1.0,,,
199,2022-12-06,17:01:24,0.0,0.0,0.0,1.0,,,
200,2022-12-06,17:01:29,0.0,0.0,0.0,1.0,,,
201,2022-12-06,17:01:35,0.0,0.0,0.0,1.0,,,
202,2022-12-06,17:01:40,0.0,0.0,0.0,1.0,,,
203,2022-12-06,17:01:46,0.0,0.0,0.0,1.0,,,
204,2022-12-06,17:01:51,0.0,0.0,0.0,1.0,,,
205,2022-12-06,17:01:57,0.0,0.0,0.0,1.0,,,
206,2022-12-06,17:02:02,0.0,0.0,0.0,1.0,,,
207,2022-12-06,17:02:08,0.0,0.0,0.0,1.0,,,
208,2022-12-06,17:02:13,0.0,0.0,0.0,1.0,,,
209,2022-12-06,17:02:19,0.0,0.0,0.0,1.0,,,
210,2022-12-06,17:02:24,0.0,0.0,0.0,1.0,,,
211,2022-12-06,17:02:30,0.0,0.0,0.0,1.0,,,
212,2022-12-06,17:02:35,0.0,0.0,0.0,1.0,,,
213,2022-12-06,17:02:41,0.0,0.0,0.0,1.0,,,
214,2022-12-06,17:02:46,0.0,0.0,0.0,1.0,,,
215,2022-12-06,17:02:51,0.0,0.0,0.0,1.0,,,
216,2022-12-06,17:02:57,0.0,0.0,0.0,1.0,,,
217,2022-12-06,17:03:03,0.0,0.0,0.0,1.0,,,
218,2022-12-06,17:03:08,0.0,0.0,0.0,1.0,,,
219,2022-12-06,17:03:14,0.0,0.0,0.0,1.0,,,
220,2022-12-06,17:03:28,0.0,0.0,0.0,1.0,,,
221,2022-12-06,17:03:34,0.0,0.0,0.0,1.0,,,
222,2022-12-06,17:03:39,0.0,0.0,0.0,1.0,,,
223,2022-12-06,17:03:45,0.0,0.0,0.0,1.0,,,
224,2022-12-06,17:03:50,0.0,0.0,0.0,1.0,,,
225,2022-12-06,17:03:56,0.0,0.0,0.0,1.0,,,
226,2022-12-06,17:04:01,0.0,0.0,0.0,1.0,,,
227,2022-12-06,17:04:07,0.0,0.0,0.0,1.0,,,
228,2022-12-06,17:04:12,0.0,0.0,0.0,1.0,,,
229,2022-12-06,17:04:18,0.0,0.0,0.0,1.0,,,
230,2022-12-06,17:04:23,0.0,0.0,0.0,1.0,,,
231,2022-12-06,17:04:29,0.0,0.0,0.0,1.0,,,
232,2022-12-06,17:04:34,0.0,0.0,0.0,1.0,,,
233,2022-12-06,17:04:40,0.0,0.0,0.0,1.0,,,
234,2022-12-06,17:04:45,0.0,0.0,0.0,1.0,,,
235,2022-12-06,17:04:51,0.0,0.0,0.0,1.0,,,
236,2022-12-06,17:04:56,0.0,0.0,0.0,1.0,,,
237,2022-12-06,17:05:02,0.0,0.0,0.0,1.0,,,
238,2022-12-06,17:05:07,0.0,0.0,0.0,1.0,,,
239,2022-12-06,17:05:13,0.0,0.0,0.0,1.0,,,
240,2022-12-06,17:05:18,0.0,0.0,0.0,1.0,,,
241,2022-12-06,17:05:24,0.0,0.0,0.0,1.0,,,
242,2022-12-06,17:05:29,0.0,0.0,0.0,1.0,,,
243,2022-12-06,17:05:35,22.564699,88.406998,44.966557,1.0,,,
244,2022-12-06,17:05:40,22.56521,88.406799,45.318439,1.0,,,
245,2022-12-06,17:05:46,22.565741,88.406601,45.503639,1.0,,,
246,2022-12-06,17:05:51,22.566391,88.406296,46.651878,1.0,,,
247,2022-12-06,17:05:57,22.566919,88.405998,44.392441,1.0,,,
248,2022-12-06,17:06:02,22.56753,88.4058,43.873878,1.0,,,
249,2022-12-06,17:06:08,22.56802,88.405495,43.077522,1.0,,,
250,2022-12-06,17:06:13,22.568628,88.405197,45.003597,1.0,,,
251,2022-12-06,17:06:18,22.569149,88.4049,46.92968,1.0,,,
252,2022-12-06,17:06:24,22.56975,88.404594,42.707119,1.0,,,
253,2022-12-06,17:06:29,22.570021,88.404495,13.94556,1.0,,,
254,2022-12-06,17:06:35,22.57012,88.404396,1.07416,1.0,,,
255,2022-12-06,17:06:40,22.57012,88.404396,0.11112,1.0,,,
256,2022-12-06,17:06:46,22.57012,88.404396,0.1852,1.0,,,
257,2022-12-06,17:06:51,22.57016,88.404297,0.03704,1.0,,,
258,2022-12-06,17:06:57,22.57016,88.404297,0.07408,1.0,,,
259,2022-12-06,17:07:02,22.57021,88.404198,0.1852,1.0,,,
260,2022-12-06,17:07:08,22.57021,88.404198,0.33336,1.0,,,
261,2022-12-06,17:07:13,22.5702,88.404297,0.0926,1.0,,,
262,2022-12-06,17:07:19,22.57019,88.404297,0.07408,1.0,,,
263,2022-12-06,17:07:24,22.570179,88.404297,0.16668,1.0,,,
264,2022-12-06,17:07:30,22.570179,88.404297,0.16668,1.0,,,
265,2022-12-06,17:07:35,22.570379,88.404198,14.204841,1.0,,,
266,2022-12-06,17:07:41,22.570379,88.404198,14.204841,1.0,,,
267,2022-12-06,17:07:46,22.57065,88.404099,20.649799,1.0,,,
268,2022-12-06,17:07:51,22.57094,88.403999,14.204841,1.0,,,
269,2022-12-06,17:07:57,22.571199,88.403801,20.316441,1.0,,,
270,2022-12-06,17:08:03,22.571489,88.403694,28.076321,1.0,,,
271,2022-12-06,17:08:08,22.57197,88.403496,38.614201,1.0,,,
272,2022-12-06,17:08:13,22.572439,88.403198,45.077679,1.0,,,
273,2022-12-06,17:08:19,22.572828,88.403099,21.946199,1.0,,,
274,2022-12-06,17:08:24,22.57287,88.403198,19.834919,1.0,,,
275,2022-12-06,17:08:30,22.57362,88.402901,23.94636,1.0,,,
276,2022-12-06,17:08:35,22.573961,88.402802,17.29768,1.0,,,
277,2022-12-06,17:08:41,22.57415,88.402695,18.00144,1.0,,,
278,2022-12-06,17:08:46,22.57445,88.402596,24.2612,1.0,,,
279,2022-12-06,17:08:52,22.574749,88.402596,23.001841,1.0,,,
280,2022-12-06,17:08:57,22.575171,88.402397,34.113838,1.0,,,
281,2022-12-06,17:09:03,22.575661,88.402298,41.003281,1.0,,,
282,2022-12-06,17:09:08,22.576269,88.4021,41.077358,1.0,,,
283,2022-12-06,17:09:14,22.57675,88.4021,41.318119,1.0,,,
284,2022-12-06,17:09:19,22.57741,88.401901,42.799721,1.0,,,
285,2022-12-06,17:09:25,22.577929,88.401695,36.98444,1.0,,,
286,2022-12-06,17:09:30,22.5784,88.401596,35.891758,1.0,,,
287,2022-12-06,17:09:36,22.578869,88.401497,37.651157,1.0,,,
288,2022-12-06,17:09:41,22.57938,88.401299,38.466038,1.0,,,
289,2022-12-06,17:09:46,22.57971,88.401299,32.42852,1.0,,,
290,2022-12-06,17:09:52,22.57971,88.401299,32.42852,1.0,,,
291,2022-12-06,17:09:57,22.57971,88.401299,32.42852,1.0,,,
292,2022-12-06,17:10:03,22.57971,88.401299,32.42852,1.0,,,
293,2022-12-06,17:10:08,22.57971,88.401299,32.42852,1.0,,,
294,2022-12-06,17:10:14,22.580969,88.400795,12.85288,1.0,,,
295,2022-12-06,17:10:19,22.58116,88.400696,27.113281,1.0,,,
296,2022-12-06,17:10:24,22.581461,88.400696,34.095322,1.0,,,
297,2022-12-06,17:10:30,22.581879,88.400497,38.040081,1.0,,,
298,2022-12-06,17:10:35,22.582361,88.400299,36.743679,1.0,,,
299,2022-12-06,17:10:41,22.582741,88.400101,35.150959,1.0,,,
300,2022-12-06,17:10:46,22.583179,88.399895,32.113682,1.0,,,
301,2022-12-06,17:10:52,22.58354,88.399696,28.65044,1.0,,,
302,2022-12-06,17:10:57,22.583719,88.399597,0.70376,1.0,,,
303,2022-12-06,17:11:03,22.583729,88.399597,1.96312,1.0,,,
304,2022-12-06,17:11:08,22.58371,88.399597,0.2778,1.0,,,
305,2022-12-06,17:11:14,22.58371,88.399597,1.90756,1.0,,,
306,2022-12-06,17:11:19,22.58374,88.399597,0.07408,1.0,,,
307,2022-12-06,17:11:25,22.583761,88.399597,0.25928,1.0,,,
308,2022-12-06,17:11:31,22.583891,88.399597,14.519679,1.0,,,
309,2022-12-06,17:11:36,22.584099,88.399498,19.59416,1.0,,,
310,2022-12-06,17:11:42,22.584391,88.399399,26.74288,1.0,,,
311,2022-12-06,17:11:47,22.58449,88.3993,2.83356,1.0,,,
312,2022-12-06,17:11:53,22.58461,88.3992,18.631121,1.0,,,
313,2022-12-06,17:11:58,22.584961,88.399101,29.780159,1.0,,,
314,2022-12-06,17:12:04,22.585291,88.398895,25.33536,1.0,,,
315,2022-12-06,17:12:09,22.585619,88.398796,20.242361,1.0,,,
316,2022-12-06,17:12:15,22.585711,88.398697,19.50156,1.0,,,
317,2022-12-06,17:12:20,22.585711,88.398697,19.50156,1.0,,,
318,2022-12-06,17:12:25,22.58621,88.398399,20.223841,1.0,,,
319,2022-12-06,17:12:31,22.58663,88.398201,31.280281,1.0,,,
320,2022-12-06,17:12:37,22.587019,88.397896,34.354599,1.0,,,
321,2022-12-06,17:12:42,22.58744,88.397697,33.03968,1.0,,,
322,2022-12-06,17:12:48,22.58795,88.397499,34.910198,1.0,,,
323,2022-12-06,17:12:53,22.58844,88.397202,34.61388,1.0,,,
324,2022-12-06,17:12:59,22.58885,88.396996,34.465721,1.0,,,
325,2022-12-06,17:13:04,22.589361,88.396797,39.929119,1.0,,,
326,2022-12-06,17:13:09,22.589828,88.396599,42.799721,1.0,,,
327,2022-12-06,17:13:15,22.590361,88.3964,45.670322,1.0,,,
328,2022-12-06,17:13:20,22.59094,88.395996,42.299679,1.0,,,
329,2022-12-06,17:13:26,22.591339,88.395699,38.651241,1.0,,,
330,2022-12-06,17:13:31,22.591789,88.395401,33.261921,1.0,,,
331,2022-12-06,17:13:36,22.592178,88.395195,31.761799,1.0,,,
332,2022-12-06,17:13:42,22.59267,88.395195,35.59544,1.0,,,
333,2022-12-06,17:13:48,22.593069,88.3955,40.003201,1.0,,,
334,2022-12-06,17:13:53,22.59346,88.395996,43.17012,1.0,,,
335,2022-12-06,17:13:59,22.59376,88.3965,40.984756,1.0,,,
336,2022-12-06,17:14:04,22.59413,88.396996,33.465641,1.0,,,
337,2022-12-06,17:14:10,22.594349,88.3974,37.447441,1.0,,,
338,2022-12-06,17:14:45,22.59597,88.4002,52.28196,1.0,,,
339,2022-12-06,17:14:48,22.59634,88.400795,43.503479,1.0,,,
340,2022-12-06,17:14:54,22.596661,88.401199,40.873638,1.0,,,
341,2022-12-06,17:15:00,22.597019,88.401794,44.003521,1.0,,,
342,2022-12-06,17:15:05,22.59738,88.402397,44.688759,1.0,,,
343,2022-12-06,17:15:10,22.597679,88.402901,42.058922,1.0,,,
344,2022-12-06,17:15:16,22.59796,88.403397,40.225441,1.0,,,
345,2022-12-06,17:15:21,22.59832,88.403999,46.55928,1.0,,,
346,2022-12-06,17:15:27,22.59865,88.404495,48.003838,1.0,,,
347,2022-12-06,17:15:32,22.599041,88.405197,47.485279,1.0,,,
348,2022-12-06,17:15:38,22.599369,88.405701,44.92952,1.0,,,
349,2022-12-06,17:15:43,22.599741,88.406296,39.892078,1.0,,,
350,2022-12-06,17:15:49,22.59993,88.406601,18.52,1.0,,,
351,2022-12-06,17:15:54,22.59997,88.406601,0.0,1.0,,,
352,2022-12-06,17:16:00,22.59997,88.406601,0.16668,1.0,,,
353,2022-12-06,17:16:05,22.59997,88.406601,0.01852,1.0,,,
354,2022-12-06,17:16:11,22.59997,88.406601,0.01852,1.0,,,
355,2022-12-06,17:16:17,22.59997,88.406601,0.07408,1.0,,,
356,2022-12-06,17:16:22,22.59997,88.406601,0.07408,1.0,,,
357,2022-12-06,17:16:28,22.59997,88.406601,0.05556,1.0,,,
358,2022-12-06,17:16:33,22.59997,88.406601,0.05556,1.0,,,
359,2022-12-06,17:16:39,22.59997,88.406601,0.05556,1.0,,,
360,2022-12-06,17:16:44,22.59997,88.406601,0.03704,1.0,,,
361,2022-12-06,17:16:50,22.59997,88.406601,0.0,1.0,,,
362,2022-12-06,17:16:55,22.59997,88.406601,0.05556,1.0,,,
363,2022-12-06,17:17:01,22.59997,88.406601,0.01852,1.0,,,
364,2022-12-06,17:17:07,22.59997,88.406601,0.87044,1.0,,,
365,2022-12-06,17:17:12,22.59997,88.406601,0.11112,1.0,,,
366,2022-12-06,17:17:18,22.59997,88.406601,0.0926,1.0,,,
367,2022-12-06,17:17:23,22.59997,88.406601,0.03704,1.0,,,
368,2022-12-06,17:17:29,22.59997,88.406601,0.05556,1.0,,,
369,2022-12-06,17:17:34,22.59997,88.406601,0.05556,1.0,,,
370,2022-12-06,17:17:40,22.59997,88.406601,0.0,1.0,,,
371,2022-12-06,17:17:45,22.59997,88.406601,0.03704,1.0,,,
372,2022-12-06,17:17:50,22.59997,88.406601,0.05556,1.0,,,
373,2022-12-06,17:17:56,22.59997,88.406601,0.03704,1.0,,,
374,2022-12-06,17:18:01,22.59997,88.406601,0.05556,1.0,,,
375,2022-12-06,17:18:07,22.59997,88.406601,0.07408,1.0,,,
376,2022-12-06,17:18:13,22.59997,88.406601,0.20372,1.0,,,
377,2022-12-06,17:18:18,22.60004,88.406799,16.575399,1.0,,,
378,2022-12-06,17:18:24,22.600189,88.406998,24.3538,1.0,,,
379,2022-12-06,17:18:29,22.600449,88.407501,36.928879,1.0,,,
380,2022-12-06,17:18:35,22.60071,88.407898,40.318039,1.0,,,
381,2022-12-06,17:18:40,22.601049,88.408501,42.15152,1.0,,,
382,2022-12-06,17:18:46,22.60133,88.408997,43.818321,1.0,,,
383,2022-12-06,17:18:51,22.6017,88.409599,44.022041,1.0,,,
384,2022-12-06,17:18:57,22.601999,88.410095,42.929359,1.0,,,
385,2022-12-06,17:19:02,22.602329,88.410599,34.669441,1.0,,,
386,2022-12-06,17:19:08,22.60257,88.410995,30.9284,1.0,,,
387,2022-12-06,17:19:13,22.602859,88.411499,43.299759,1.0,,,
388,2022-12-06,17:19:19,22.603241,88.412094,45.003597,1.0,,,
389,2022-12-06,17:19:25,22.603479,88.412598,39.39204,1.0,,,
390,2022-12-06,17:19:30,22.60367,88.4133,42.15152,1.0,,,
391,2022-12-06,17:19:36,22.60376,88.413895,45.799957,1.0,,,
392,2022-12-06,17:19:41,22.603729,88.414597,45.5592,1.0,,,
393,2022-12-06,17:19:47,22.60364,88.415199,49.966957,1.0,,,
394,2022-12-06,17:19:52,22.6035,88.416,52.207878,1.0,,,
395,2022-12-06,17:19:58,22.60339,88.416695,51.70784,1.0,,,
396,2022-12-06,17:20:03,22.603279,88.417595,47.466759,1.0,,,
397,2022-12-06,17:20:09,22.60322,88.417999,29.02084,1.0,,,
398,2022-12-06,17:20:14,22.603199,88.418297,4.85224,1.0,,,
399,2022-12-06,17:20:20,22.603189,88.418297,0.12964,1.0,,,
400,2022-12-06,17:20:25,22.603189,88.418297,0.3704,1.0,,,
401,2022-12-06,17:20:31,22.603189,88.418297,0.0,1.0,,,
402,2022-12-06,17:20:36,22.60318,88.418297,0.12964,1.0,,,
403,2022-12-06,17:20:42,22.60318,88.418297,0.05556,1.0,,,
404,2022-12-06,17:20:47,22.60318,88.418297,0.14816,1.0,,,
405,2022-12-06,17:20:53,22.60318,88.418297,0.05556,1.0,,,
406,2022-12-06,17:20:59,22.60318,88.418297,0.16668,1.0,,,
407,2022-12-06,17:21:04,22.60318,88.418297,0.0,1.0,,,
408,2022-12-06,17:21:09,22.60318,88.418297,0.03704,1.0,,,
409,2022-12-06,17:21:15,22.60318,88.418297,0.01852,1.0,,,
410,2022-12-06,17:21:21,22.60318,88.418297,0.11112,1.0,,,
411,2022-12-06,17:21:26,22.60318,88.418297,0.05556,1.0,,,
412,2022-12-06,17:21:32,22.603149,88.418495,18.07552,1.0,,,
413,2022-12-06,17:21:37,22.603119,88.4188,21.835079,1.0,,,
414,2022-12-06,17:21:43,22.603079,88.418999,23.76116,1.0,,,
415,2022-12-06,17:21:48,22.603029,88.419495,25.76132,1.0,,,
416,2022-12-06,17:21:54,22.603001,88.4198,26.353958,1.0,,,
417,2022-12-06,17:21:59,22.602949,88.420097,11.59352,1.0,,,
418,2022-12-06,17:22:05,22.60293,88.420296,13.204761,1.0,,,
419,2022-12-06,17:22:10,22.60289,88.420601,29.317158,1.0,,,
420,2022-12-06,17:22:16,22.60285,88.421097,41.78112,1.0,,,
421,2022-12-06,17:22:21,22.6029,88.421898,53.50428,1.0,,,
422,2022-12-06,17:22:27,22.60305,88.422699,52.059719,1.0,,,
423,2022-12-06,17:22:32,22.603361,88.4235,56.374878,1.0,,,
424,2022-12-06,17:22:37,22.603741,88.424095,56.504517,1.0,,,
425,2022-12-06,17:22:43,22.60429,88.424797,50.578121,1.0,,,
426,2022-12-06,17:22:48,22.60482,88.425201,56.374878,1.0,,,
427,2022-12-06,17:22:54,22.605478,88.425598,61.6716,1.0,,,
428,2022-12-06,17:22:59,22.60634,88.425995,61.07896,1.0,,,
429,2022-12-06,17:23:05,22.607029,88.4263,60.44928,1.0,,,
430,2022-12-06,17:23:10,22.60784,88.426598,57.48608,1.0,,,
431,2022-12-06,17:23:15,22.608511,88.426994,58.967678,1.0,,,
432,2022-12-06,17:23:21,22.609329,88.427399,62.116081,1.0,,,
433,2022-12-06,17:23:26,22.61002,88.427795,60.375198,1.0,,,
434,2022-12-06,17:23:32,22.610819,88.4282,57.708317,1.0,,,
435,2022-12-06,17:23:38,22.61145,88.428497,56.189678,1.0,,,
436,2022-12-06,17:23:43,22.612249,88.429001,60.87524,1.0,,,
437,2022-12-06,17:23:49,22.612961,88.429398,65.931198,1.0,,,
438,2022-12-06,17:23:54,22.61381,88.429901,63.579163,1.0,,,
439,2022-12-06,17:24:00,22.614479,88.430298,60.87524,1.0,,,
440,2022-12-06,17:24:05,22.615261,88.430801,55.300716,1.0,,,
441,2022-12-06,17:24:10,22.615761,88.431099,42.15152,1.0,,,
442,2022-12-06,17:24:16,22.616299,88.431396,52.263439,1.0,,,
443,2022-12-06,17:24:21,22.617069,88.431694,55.430363,1.0,,,
444,2022-12-06,17:24:27,22.61772,88.4319,53.633919,1.0,,,
445,2022-12-06,17:24:32,22.618519,88.431999,55.115517,1.0,,,
446,2022-12-06,17:24:38,22.6192,88.432098,55.689644,1.0,,,
447,2022-12-06,17:24:43,22.62001,88.432198,52.707916,1.0,,,
448,2022-12-06,17:24:49,22.620569,88.432297,37.20668,1.0,,,
449,2022-12-06,17:24:54,22.620949,88.432198,15.87164,1.0,,,
450,2022-12-06,17:25:00,22.620991,88.432297,0.0926,1.0,,,
451,2022-12-06,17:25:05,22.621,88.432297,0.7408,1.0,,,
452,2022-12-06,17:25:11,22.621019,88.432297,2.57428,1.0,,,
453,2022-12-06,17:25:16,22.621019,88.432297,0.0926,1.0,,,
454,2022-12-06,17:25:22,22.621019,88.432297,0.05556,1.0,,,
455,2022-12-06,17:25:27,22.62101,88.432198,0.90748,1.0,,,
456,2022-12-06,17:25:33,22.621029,88.432198,0.75932,1.0,,,
457,2022-12-06,17:25:38,22.62104,88.432198,1.92608,1.0,,,
458,2022-12-06,17:25:44,22.621069,88.432297,3.38916,1.0,,,
459,2022-12-06,17:25:49,22.621099,88.432297,2.8706,1.0,,,
460,2022-12-06,17:25:54,22.62113,88.432297,3.0558,1.0,,,
461,2022-12-06,17:26:00,22.62118,88.432297,3.55584,1.0,,,
462,2022-12-06,17:26:06,22.62122,88.432297,3.18544,1.0,,,
463,2022-12-06,17:26:11,22.621279,88.432297,3.55584,1.0,,,
464,2022-12-06,17:26:17,22.621328,88.432297,3.38916,1.0,,,
465,2022-12-06,17:26:22,22.62138,88.432297,3.66696,1.0,,,
466,2022-12-06,17:26:28,22.621429,88.432297,4.03736,1.0,,,
467,2022-12-06,17:26:33,22.621479,88.432297,3.48176,1.0,,,
468,2022-12-06,17:26:38,22.621529,88.432297,4.29664,1.0,,,
469,2022-12-06,17:26:44,22.62159,88.432297,3.38916,1.0,,,
470,2022-12-06,17:26:49,22.62163,88.432297,2.57428,1.0,,,
471,2022-12-06,17:26:55,22.62167,88.432297,2.66688,1.0,,,
472,2022-12-06,17:27:00,22.6217,88.432297,2.44464,1.0,,,
473,2022-12-06,17:27:05,22.621729,88.432297,3.37064,1.0,,,
474,2022-12-06,17:27:11,22.621769,88.432297,3.704,1.0,,,
475,2022-12-06,17:27:16,22.62184,88.432297,2.20388,1.0,,,
476,2022-12-06,17:27:22,22.621889,88.432297,3.40768,1.0,,,
477,2022-12-06,17:27:27,22.62192,88.432297,1.74088,1.0,,,
478,2022-12-06,17:27:33,22.621941,88.432297,0.24076,1.0,,,
479,2022-12-06,17:27:38,22.62195,88.432297,0.24076,1.0,,,
480,2022-12-06,17:27:44,22.62195,88.432396,0.40744,1.0,,,
481,2022-12-06,17:27:49,22.621941,88.432297,2.0372,1.0,,,
482,2022-12-06,17:27:55,22.62191,88.432297,1.83348,1.0,,,
483,2022-12-06,17:28:00,22.621889,88.432297,4.66704,1.0,,,
484,2022-12-06,17:28:05,22.62191,88.432198,9.760039,1.0,,,
485,2022-12-06,17:28:11,22.62192,88.432098,6.51904,1.0,,,
486,2022-12-06,17:28:16,22.621929,88.4319,10.500839,1.0,,,
487,2022-12-06,17:28:22,22.621941,88.431801,11.42684,1.0,,,
488,2022-12-06,17:28:27,22.62192,88.431694,5.31524,1.0,,,
489,2022-12-06,17:28:33,22.62184,88.431595,9.204439,1.0,,,
490,2022-12-06,17:28:38,22.62174,88.431595,6.07456,1.0,,,
491,2022-12-06,17:28:44,22.6217,88.431595,1.18528,1.0,,,
492,2022-12-06,17:28:50,22.621649,88.431496,4.20404,1.0,,,
493,2022-12-06,17:28:55,22.62154,88.431496,5.59304,1.0,,,
494,2022-12-06,17:29:01,22.621519,88.431396,6.31532,1.0,,,
495,2022-12-06,17:29:06,22.62155,88.431198,6.46348,1.0,,,
496,2022-12-06,17:29:11,22.621561,88.431099,7.55616,1.0,,,
497,2022-12-06,17:29:17,22.621578,88.431,8.74144,1.0,,,
498,2022-12-06,17:29:23,22.62155,88.430901,3.87068,1.0,,,
499,2022-12-06,17:29:28,22.62154,88.430801,4.85224,1.0,,,
500,2022-12-06,17:29:34,22.621519,88.430695,8.778481,1.0,,,
501,2022-12-06,17:29:39,22.621529,88.430496,5.13004,1.0,,,
502,2022-12-06,17:29:45,22.621529,88.430397,7.88952,1.0,,,
503,2022-12-06,17:29:50,22.621449,88.430298,11.72316,1.0,,,
504,2022-12-06,17:29:56,22.62137,88.430099,12.000959,1.0,,,
505,2022-12-06,17:30:01,22.621199,88.43,11.96392,1.0,,,
506,2022-12-06,17:30:07,22.621078,88.429901,11.056439,1.0,,,
507,2022-12-06,17:30:12,22.62101,88.429794,6.07456,1.0,,,
508,2022-12-06,17:30:18,22.620979,88.429695,8.85256,1.0,,,
509,2022-12-06,17:30:23,22.620979,88.429497,7.55616,1.0,,,
510,2022-12-06,17:30:29,22.620991,88.429398,8.35252,1.0,,,
511,2022-12-06,17:30:34,22.621,88.429199,8.6118,1.0,,,
512,2022-12-06,17:30:39,22.621019,88.4291,7.88952,1.0,,,
513,2022-12-06,17:30:45,22.621,88.429001,8.66736,1.0,,,
514,2022-12-06,17:30:50,22.620991,88.428894,6.482,1.0,,,
515,2022-12-06,17:30:56,22.621,88.428795,6.7598,1.0,,,
516,2022-12-06,17:31:02,22.621,88.428696,4.03736,1.0,,,
517,2022-12-06,17:31:07,22.621,88.428497,8.53772,1.0,,,
518,2022-12-06,17:31:13,22.621,88.428398,8.87108,1.0,,,
519,2022-12-06,17:31:18,22.621019,88.4282,12.55656,1.0,,,
520,2022-12-06,17:31:24,22.621059,88.428001,9.18592,1.0,,,
521,2022-12-06,17:31:29,22.621069,88.427795,13.40848,1.0,,,
522,2022-12-06,17:31:35,22.621059,88.427696,10.24156,1.0,,,
523,2022-12-06,17:31:40,22.62104,88.427399,15.149361,1.0,,,
524,2022-12-06,17:31:46,22.621059,88.4272,14.87156,1.0,,,
525,2022-12-06,17:31:51,22.621099,88.427002,10.9268,1.0,,,
526,2022-12-06,17:31:57,22.621069,88.426895,4.98188,1.0,,,
527,2022-12-06,17:32:03,22.62101,88.426697,10.20452,1.0,,,
528,2022-12-06,17:32:08,22.62092,88.426598,7.33392,1.0,,,
529,2022-12-06,17:32:13,22.62085,88.426498,8.7044,1.0,,,
530,2022-12-06,17:32:19,22.62084,88.4263,5.98196,1.0,,,
531,2022-12-06,17:32:24,22.62085,88.426201,9.96376,1.0,,,
532,2022-12-06,17:32:30,22.62085,88.425995,11.42684,1.0,,,
533,2022-12-06,17:32:35,22.62077,88.425797,13.334399,1.0,,,
534,2022-12-06,17:32:41,22.62064,88.425598,15.33456,1.0,,,
535,2022-12-06,17:32:46,22.620529,88.4254,11.27868,1.0,,,
536,2022-12-06,17:32:51,22.62047,88.425301,8.59328,1.0,,,
537,2022-12-06,17:32:57,22.62043,88.425301,3.03728,1.0,,,
538,2022-12-06,17:33:02,22.620411,88.425201,2.51872,1.0,,,
539,2022-12-06,17:33:08,22.620399,88.425095,3.50028,1.0,,,
540,2022-12-06,17:33:13,22.62034,88.425095,3.03728,1.0,,,
541,2022-12-06,17:33:19,22.620329,88.424995,2.33352,1.0,,,
542,2022-12-06,17:33:24,22.620369,88.424995,4.01884,1.0,,,
543,2022-12-06,17:33:30,22.62039,88.424995,1.46308,1.0,,,
544,2022-12-06,17:33:35,22.620378,88.424995,1.64828,1.0,,,
545,2022-12-06,17:33:41,22.620378,88.424995,1.7594,1.0,,,
546,2022-12-06,17:33:46,22.620378,88.425095,0.68524,1.0,,,
547,2022-12-06,17:34:07,22.620369,88.424995,2.4076,1.0,,,
548,2022-12-06,17:34:12,22.622299,88.426201,57.819443,1.0,,,
549,2022-12-06,17:34:16,22.622299,88.426201,57.819443,1.0,,,
550,2022-12-06,17:34:21,22.622299,88.426201,57.819443,1.0,,,
551,2022-12-06,17:34:27,22.622299,88.426201,57.819443,1.0,,,
552,2022-12-06,17:34:33,22.622299,88.426201,57.819443,1.0,,,
553,2022-12-06,17:34:38,22.622299,88.426201,57.819443,1.0,,,
554,2022-12-06,17:34:44,22.622299,88.426201,57.819443,1.0,,,
555,2022-12-06,17:34:49,22.622299,88.426201,57.819443,1.0,,,
556,2022-12-06,17:34:55,22.622299,88.426201,57.819443,1.0,,,
557,2022-12-06,17:35:00,22.622299,88.426201,57.819443,1.0,,,
558,2022-12-06,17:35:06,22.622299,88.426201,57.819443,1.0,,,
559,2022-12-06,17:35:11,22.622299,88.426201,57.819443,1.0,,,
560,2022-12-06,17:35:17,22.622299,88.426201,57.819443,1.0,,,
561,2022-12-06,17:35:22,22.622299,88.426201,57.819443,1.0,,,
562,2022-12-06,17:35:28,22.622299,88.426201,57.819443,1.0,,,
563,2022-12-06,17:35:34,22.622299,88.426201,57.819443,1.0,,,
564,2022-12-06,17:35:39,22.622299,88.426201,57.819443,1.0,,,
565,2022-12-06,17:35:44,22.622299,88.426201,57.819443,1.0,,,
566,2022-12-07,08:08:23,0.0,0.0,0.0,1.0,,,
567,2022-12-07,08:08:28,0.0,0.0,0.0,1.0,,,
568,2022-12-07,08:08:33,0.0,0.0,0.0,1.0,,,
569,2022-12-07,08:08:41,0.0,0.0,0.0,1.0,,,
570,2022-12-07,08:08:49,0.0,0.0,0.0,1.0,,,
571,2022-12-07,08:08:49,0.0,0.0,0.0,1.0,,,
572,2022-12-07,08:08:54,0.0,0.0,0.0,1.0,,,
573,2022-12-07,08:09:02,0.0,0.0,0.0,1.0,,,
574,2022-12-07,08:09:04,0.0,0.0,0.0,1.0,,,
575,2022-12-07,08:09:09,0.0,0.0,0.0,1.0,,,
576,2022-12-07,08:09:14,0.0,0.0,0.0,1.0,,,
577,2022-12-07,08:09:19,0.0,0.0,0.0,1.0,,,
578,2022-12-07,08:09:24,0.0,0.0,0.0,1.0,,,
579,2022-12-07,08:09:29,0.0,0.0,0.0,1.0,,,
580,2022-12-07,08:09:34,0.0,0.0,0.0,1.0,,,
581,2022-12-07,08:09:39,0.0,0.0,0.0,1.0,,,
582,2022-12-07,08:09:44,0.0,0.0,0.0,1.0,,,
583,2022-12-07,08:09:52,0.0,0.0,0.0,1.0,,,
584,2022-12-07,08:09:54,0.0,0.0,0.0,1.0,,,
585,2022-12-07,08:09:59,0.0,0.0,0.0,1.0,,,
586,2022-12-07,08:10:07,0.0,0.0,0.0,1.0,,,
587,2022-12-07,08:10:09,0.0,0.0,0.0,1.0,,,
588,2022-12-07,08:10:15,0.0,0.0,0.0,1.0,,,
589,2022-12-07,08:10:22,0.0,0.0,0.0,1.0,,,
590,2022-12-07,08:10:25,0.0,0.0,0.0,1.0,,,
591,2022-12-07,08:10:30,0.0,0.0,0.0,1.0,,,
592,2022-12-07,08:10:35,0.0,0.0,0.0,1.0,,,
593,2022-12-07,08:10:40,0.0,0.0,0.0,1.0,,,
594,2022-12-07,08:10:45,0.0,0.0,0.0,1.0,,,
595,2022-12-07,08:10:50,0.0,0.0,0.0,1.0,,,
596,2022-12-07,08:10:55,0.0,0.0,0.0,1.0,,,
597,2022-12-07,08:11:00,0.0,0.0,0.0,1.0,,,
598,2022-12-07,08:11:05,0.0,0.0,0.0,1.0,,,
599,2022-12-07,08:11:10,0.0,0.0,0.0,1.0,,,
600,2022-12-07,08:11:15,0.0,0.0,0.0,1.0,,,
601,2022-12-07,08:11:20,0.0,0.0,0.0,1.0,,,
602,2022-12-07,08:11:25,0.0,0.0,0.0,1.0,,,
603,2022-12-07,08:11:30,0.0,0.0,0.0,1.0,,,
604,2022-12-07,08:11:38,0.0,0.0,0.0,1.0,,,
605,2022-12-07,08:11:40,0.0,0.0,0.0,1.0,,,
606,2022-12-07,08:11:48,0.0,0.0,0.0,1.0,,,
607,2022-12-07,08:11:50,0.0,0.0,0.0,1.0,,,
608,2022-12-07,08:11:55,0.0,0.0,0.0,1.0,,,
609,2022-12-07,08:12:00,0.0,0.0,0.0,1.0,,,
610,2022-12-07,08:12:05,0.0,0.0,0.0,1.0,,,
611,2022-12-07,08:12:13,0.0,0.0,0.0,1.0,,,
612,2022-12-07,08:12:16,0.0,0.0,0.0,1.0,,,
613,2022-12-07,08:12:21,0.0,0.0,0.0,1.0,,,
614,2022-12-07,08:12:26,0.0,0.0,0.0,1.0,,,
615,2022-12-07,08:12:31,0.0,0.0,0.0,1.0,,,
616,2022-12-07,08:12:36,0.0,0.0,0.0,1.0,,,
617,2022-12-07,08:12:44,0.0,0.0,0.0,1.0,,,
618,2022-12-07,08:12:46,0.0,0.0,0.0,1.0,,,
619,2022-12-07,08:12:51,0.0,0.0,0.0,1.0,,,
620,2022-12-07,08:12:56,0.0,0.0,0.0,1.0,,,
621,2022-12-07,08:13:01,0.0,0.0,0.0,1.0,,,
622,2022-12-07,08:13:06,0.0,0.0,0.0,1.0,,,
623,2022-12-07,08:13:11,0.0,0.0,0.0,1.0,,,
624,2022-12-07,08:13:16,0.0,0.0,0.0,1.0,,,
625,2022-12-07,08:13:21,0.0,0.0,0.0,1.0,,,
626,2022-12-07,08:13:26,0.0,0.0,0.0,1.0,,,
627,2022-12-07,08:13:31,0.0,0.0,0.0,1.0,,,
628,2022-12-07,08:13:36,0.0,0.0,0.0,1.0,,,
629,2022-12-07,08:13:41,0.0,0.0,0.0,1.0,,,
630,2022-12-07,08:13:46,0.0,0.0,0.0,1.0,,,
631,2022-12-07,08:13:51,0.0,0.0,0.0,1.0,,,
632,2022-12-07,08:13:59,0.0,0.0,0.0,1.0,,,
633,2022-12-07,08:14:01,0.0,0.0,0.0,1.0,,,
634,2022-12-07,08:14:06,0.0,0.0,0.0,1.0,,,
635,2022-12-07,08:14:12,0.0,0.0,0.0,1.0,,,
636,2022-12-07,08:14:17,0.0,0.0,0.0,1.0,,,
637,2022-12-07,08:14:24,0.0,0.0,0.0,1.0,,,
638,2022-12-07,08:14:27,0.0,0.0,0.0,1.0,,,
639,2022-12-07,08:14:32,0.0,0.0,0.0,1.0,,,
640,2022-12-07,08:14:40,0.0,0.0,0.0,1.0,,,
641,2022-12-07,08:14:42,0.0,0.0,0.0,1.0,,,
642,2022-12-07,08:14:47,0.0,0.0,0.0,1.0,,,
643,2022-12-07,08:14:52,0.0,0.0,0.0,1.0,,,
644,2022-12-07,08:14:57,0.0,0.0,0.0,1.0,,,
645,2022-12-07,08:15:02,0.0,0.0,0.0,1.0,,,
646,2022-12-07,08:15:07,0.0,0.0,0.0,1.0,,,
647,2022-12-07,08:15:12,0.0,0.0,0.0,1.0,,,
648,2022-12-07,08:15:57,0.0,0.0,0.0,1.0,,,
649,2022-12-07,08:16:02,0.0,0.0,0.0,1.0,,,
650,2022-12-07,08:16:07,0.0,0.0,0.0,1.0,,,
651,2022-12-07,08:16:12,0.0,0.0,0.0,1.0,,,
652,2022-12-07,08:16:17,0.0,0.0,0.0,1.0,,,
653,2022-12-07,08:16:22,0.0,0.0,0.0,1.0,,,
654,2022-12-07,08:16:38,0.0,0.0,0.0,1.0,,,
655,2022-12-07,08:16:39,0.0,0.0,0.0,1.0,,,
656,2022-12-07,08:17:16,0.0,0.0,0.0,1.0,,,
657,2022-12-07,08:17:21,0.0,0.0,0.0,1.0,,,
658,2022-12-07,08:17:26,0.0,0.0,0.0,1.0,,,
659,2022-12-07,08:17:31,0.0,0.0,0.0,1.0,,,
660,2022-12-07,08:17:36,0.0,0.0,0.0,1.0,,,
661,2022-12-07,08:17:41,0.0,0.0,0.0,1.0,,,
662,2022-12-07,08:17:46,0.0,0.0,0.0,1.0,,,
663,2022-12-07,08:17:51,0.0,0.0,0.0,1.0,,,
664,2022-12-07,08:17:56,0.0,0.0,0.0,1.0,,,
665,2022-12-07,08:18:01,0.0,0.0,0.0,1.0,,,
666,2022-12-07,08:18:06,0.0,0.0,0.0,1.0,,,
667,2022-12-07,08:18:11,0.0,0.0,0.0,1.0,,,
668,2022-12-07,08:18:16,0.0,0.0,0.0,1.0,,,
669,2022-12-07,08:18:21,0.0,0.0,0.0,1.0,,,
670,2022-12-07,08:18:26,0.0,0.0,0.0,1.0,,,
671,2022-12-07,08:18:31,0.0,0.0,0.0,1.0,,,
672,2022-12-07,08:18:36,0.0,0.0,0.0,1.0,,,
673,2022-12-07,08:18:41,0.0,0.0,0.0,1.0,,,
674,2022-12-07,08:18:47,0.0,0.0,0.0,1.0,,,
675,2022-12-07,08:18:52,0.0,0.0,0.0,1.0,,,
676,2022-12-07,08:18:57,0.0,0.0,0.0,1.0,,,
677,2022-12-07,08:19:02,0.0,0.0,0.0,1.0,,,
678,2022-12-07,08:19:07,0.0,0.0,0.0,1.0,,,
679,2022-12-07,08:19:12,0.0,0.0,0.0,1.0,,,
680,2022-12-07,08:19:17,0.0,0.0,0.0,1.0,,,
681,2022-12-07,08:19:22,0.0,0.0,0.0,1.0,,,
682,2022-12-07,08:19:27,0.0,0.0,0.0,1.0,,,
683,2022-12-07,08:19:32,0.0,0.0,0.0,1.0,,,
684,2022-12-07,08:19:37,0.0,0.0,0.0,1.0,,,
685,2022-12-07,08:19:42,0.0,0.0,0.0,1.0,,,
686,2022-12-07,08:19:47,0.0,0.0,0.0,1.0,,,
687,2022-12-07,08:19:52,0.0,0.0,0.0,1.0,,,
688,2022-12-07,08:19:57,0.0,0.0,0.0,1.0,,,
689,2022-12-07,08:20:02,0.0,0.0,0.0,1.0,,,
690,2022-12-07,08:20:07,0.0,0.0,0.0,1.0,,,
691,2022-12-07,08:20:12,0.0,0.0,0.0,1.0,,,
692,2022-12-07,08:20:17,0.0,0.0,0.0,1.0,,,
693,2022-12-07,08:20:22,0.0,0.0,0.0,1.0,,,
694,2022-12-07,08:20:27,0.0,0.0,0.0,1.0,,,
695,2022-12-07,08:20:33,0.0,0.0,0.0,1.0,,,
696,2022-12-07,08:20:38,0.0,0.0,0.0,1.0,,,
697,2022-12-07,08:20:43,0.0,0.0,0.0,1.0,,,
698,2022-12-07,08:20:48,0.0,0.0,0.0,1.0,,,
699,2022-12-07,08:20:53,0.0,0.0,0.0,1.0,,,
700,2022-12-07,08:20:58,0.0,0.0,0.0,1.0,,,
701,2022-12-07,08:21:03,0.0,0.0,0.0,1.0,,,
702,2022-12-07,08:21:08,0.0,0.0,0.0,1.0,,,
703,2022-12-07,08:21:13,0.0,0.0,0.0,1.0,,,
704,2022-12-07,08:21:18,0.0,0.0,0.0,1.0,,,
705,2022-12-07,08:21:23,0.0,0.0,0.0,1.0,,,
706,2022-12-07,08:21:28,0.0,0.0,0.0,1.0,,,
707,2022-12-07,08:21:33,0.0,0.0,0.0,1.0,,,
708,2022-12-07,08:21:38,0.0,0.0,0.0,1.0,,,
709,2022-12-07,08:21:43,0.0,0.0,0.0,1.0,,,
710,2022-12-07,08:21:48,0.0,0.0,0.0,1.0,,,
711,2022-12-07,08:21:53,0.0,0.0,0.0,1.0,,,
712,2022-12-07,08:21:58,0.0,0.0,0.0,1.0,,,
713,2022-12-07,08:22:03,0.0,0.0,0.0,1.0,,,
714,2022-12-07,08:22:08,0.0,0.0,0.0,1.0,,,
715,2022-12-07,08:22:13,0.0,0.0,0.0,1.0,,,
716,2022-12-07,08:22:18,0.0,0.0,0.0,1.0,,,
717,2022-12-07,08:22:24,0.0,0.0,0.0,1.0,,,
718,2022-12-07,08:22:28,0.0,0.0,0.0,1.0,,,
719,2022-12-07,08:22:34,0.0,0.0,0.0,1.0,,,
720,2022-12-07,08:22:48,0.0,0.0,0.0,1.0,,,
721,2022-12-07,08:22:50,0.0,0.0,0.0,1.0,,,
722,2022-12-07,08:22:55,0.0,0.0,0.0,1.0,,,
723,2022-12-07,08:23:00,0.0,0.0,0.0,1.0,,,
724,2022-12-07,08:23:05,0.0,0.0,0.0,1.0,,,
725,2022-12-07,08:23:10,0.0,0.0,0.0,1.0,,,
726,2022-12-07,08:23:15,0.0,0.0,0.0,1.0,,,
727,2022-12-07,08:23:20,0.0,0.0,0.0,1.0,,,
728,2022-12-07,08:23:25,0.0,0.0,0.0,1.0,,,
729,2022-12-07,08:23:30,0.0,0.0,0.0,1.0,,,
730,2022-12-07,08:23:35,0.0,0.0,0.0,1.0,,,
731,2022-12-07,08:23:40,0.0,0.0,0.0,1.0,,,
732,2022-12-07,08:23:45,0.0,0.0,0.0,1.0,,,
733,2022-12-07,08:23:50,0.0,0.0,0.0,1.0,,,
734,2022-12-07,08:23:55,0.0,0.0,0.0,1.0,,,
735,2022-12-07,08:24:00,0.0,0.0,0.0,1.0,,,
736,2022-12-07,08:24:05,0.0,0.0,0.0,1.0,,,
737,2022-12-07,08:24:10,0.0,0.0,0.0,1.0,,,
738,2022-12-07,08:24:15,0.0,0.0,0.0,1.0,,,
739,2022-12-07,08:24:21,22.622089,88.432396,46.91116,1.0,,,
740,2022-12-07,08:24:26,22.622669,88.432495,53.244999,1.0,,,
741,2022-12-07,08:24:31,22.623299,88.432495,58.986198,1.0,,,
742,2022-12-07,08:24:36,22.625019,88.432999,56.171162,1.0,,,
743,2022-12-07,08:24:41,22.625679,88.433098,53.430199,1.0,,,
744,2022-12-07,08:24:46,22.626329,88.433197,32.317398,1.0,,,
745,2022-12-07,08:24:51,22.626579,88.433296,10.593439,1.0,,,
746,2022-12-07,08:24:56,22.626478,88.433296,1.81496,1.0,,,
747,2022-12-07,08:25:01,22.626471,88.433296,1.31492,1.0,,,
748,2022-12-07,08:25:06,22.626429,88.433197,0.96304,1.0,,,
749,2022-12-07,08:25:11,22.626461,88.433197,2.48168,1.0,,,
750,2022-12-07,08:25:16,22.626549,88.433197,5.24116,1.0,,,
751,2022-12-07,08:25:21,22.626661,88.433296,9.03776,1.0,,,
752,2022-12-07,08:25:26,22.626629,88.433296,6.70424,1.0,,,
753,2022-12-07,08:25:31,22.626419,88.433296,21.223919,1.0,,,
754,2022-12-07,08:25:36,22.626141,88.433197,26.07616,1.0,,,
755,2022-12-07,08:25:41,22.625729,88.433197,37.484482,1.0,,,
756,2022-12-07,08:25:46,22.62524,88.433098,42.984921,1.0,,,
757,2022-12-07,08:25:52,22.624689,88.433098,47.763081,1.0,,,
758,2022-12-07,08:25:57,22.624079,88.432999,59.48624,1.0,,,
759,2022-12-07,08:26:02,22.6234,88.432899,60.893761,1.0,,,
760,2022-12-07,08:26:07,22.62269,88.432701,55.800762,1.0,,,
761,2022-12-07,08:26:12,22.622019,88.432594,56.374878,1.0,,,
762,2022-12-07,08:26:50,22.616911,88.431595,58.819519,1.0,,,
763,2022-12-07,08:26:52,22.61622,88.431198,57.634243,1.0,,,
764,2022-12-07,08:26:57,22.61557,88.430801,56.004478,1.0,,,
765,2022-12-07,08:27:02,22.61491,88.430496,55.356281,1.0,,,
766,2022-12-07,08:27:07,22.614279,88.430099,55.615562,1.0,,,
767,2022-12-07,08:27:12,22.61364,88.429695,59.523281,1.0,,,
768,2022-12-07,08:27:17,22.612949,88.429298,64.208839,1.0,,,
769,2022-12-07,08:27:23,22.612211,88.428795,68.82032,1.0,,,
770,2022-12-07,08:27:28,22.611429,88.428398,69.764839,1.0,,,
771,2022-12-07,08:27:33,22.61063,88.428001,71.116798,1.0,,,
772,2022-12-07,08:27:38,22.60985,88.427597,67.968399,1.0,,,
773,2022-12-07,08:27:43,22.609079,88.4272,67.209076,1.0,,,
774,2022-12-07,08:27:48,22.60832,88.426796,66.61644,1.0,,,
775,2022-12-07,08:27:53,22.607389,88.426399,65.208916,1.0,,,
776,2022-12-07,08:27:58,22.6066,88.426094,65.931198,1.0,,,
777,2022-12-07,08:28:03,22.605799,88.425697,66.542358,1.0,,,
778,2022-12-07,08:28:08,22.605049,88.425301,66.82016,1.0,,,
779,2022-12-07,08:28:13,22.604389,88.424797,65.671921,1.0,,,
780,2022-12-07,08:28:18,22.603811,88.424095,67.301682,1.0,,,
781,2022-12-07,08:28:23,22.603361,88.423401,65.894157,1.0,,,
782,2022-12-07,08:28:28,22.60305,88.4226,58.115761,1.0,,,
783,2022-12-07,08:28:33,22.602879,88.421898,54.448799,1.0,,,
784,2022-12-07,08:28:38,22.602829,88.421196,49.30024,1.0,,,
785,2022-12-07,08:28:43,22.60285,88.420601,37.817841,1.0,,,
786,2022-12-07,08:28:48,22.602879,88.420197,27.242922,1.0,,,
787,2022-12-07,08:28:53,22.6029,88.419899,14.01964,1.0,,,
788,2022-12-07,08:28:58,22.602911,88.419701,11.056439,1.0,,,
789,2022-12-07,08:29:04,22.60293,88.419495,16.779119,1.0,,,
790,2022-12-07,08:29:09,22.602949,88.419296,25.87244,1.0,,,
791,2022-12-07,08:29:14,22.60298,88.4189,32.261841,1.0,,,
792,2022-12-07,08:29:19,22.603029,88.418396,39.651321,1.0,,,
793,2022-12-07,08:29:24,22.60309,88.417801,38.706799,1.0,,,
794,2022-12-07,08:29:29,22.603189,88.417198,41.910759,1.0,,,
795,2022-12-07,08:29:34,22.603249,88.416595,49.170597,1.0,,,
796,2022-12-07,08:29:42,22.603361,88.415901,56.171162,1.0,,,
797,2022-12-07,08:29:44,22.603491,88.4151,57.67128,1.0,,,
798,2022-12-07,08:29:49,22.603559,88.414398,49.92992,1.0,,,
799,2022-12-07,08:29:57,22.603579,88.413696,47.411198,1.0,,,
800,2022-12-07,08:29:59,22.603449,88.413101,44.836922,1.0,,,
801,2022-12-07,08:30:04,22.60326,88.412598,47.800121,1.0,,,
802,2022-12-07,08:30:09,22.60298,88.411995,44.76284,1.0,,,
803,2022-12-07,08:30:14,22.602661,88.411499,47.800121,1.0,,,
804,2022-12-07,08:30:19,22.60232,88.410995,51.615238,1.0,,,
805,2022-12-07,08:30:24,22.601971,88.4104,54.245079,1.0,,,
806,2022-12-07,08:30:29,22.60161,88.409798,53.48576,1.0,,,
807,2022-12-07,08:30:34,22.60125,88.409195,52.393082,1.0,,,
808,2022-12-07,08:30:40,22.600899,88.4086,50.559597,1.0,,,
809,2022-12-07,08:30:45,22.600571,88.407997,50.448479,1.0,,,
810,2022-12-07,08:30:50,22.600241,88.407394,48.3372,1.0,,,
811,2022-12-07,08:30:55,22.599899,88.406898,50.31884,1.0,,,
812,2022-12-07,08:31:00,22.599579,88.406296,44.040558,1.0,,,
813,2022-12-07,08:31:05,22.59934,88.405899,34.687958,1.0,,,
814,2022-12-07,08:31:10,22.59902,88.405396,40.743999,1.0,,,
815,2022-12-07,08:31:15,22.598711,88.4049,50.355881,1.0,,,
816,2022-12-07,08:31:20,22.59833,88.404297,55.559998,1.0,,,
817,2022-12-07,08:31:25,22.59795,88.403694,53.596878,1.0,,,
818,2022-12-07,08:31:30,22.597641,88.403099,44.13316,1.0,,,
819,2022-12-07,08:31:35,22.597349,88.402695,41.244041,1.0,,,
820,2022-12-07,08:31:40,22.597061,88.402199,46.114799,1.0,,,
821,2022-12-07,08:31:45,22.59675,88.401695,46.466679,1.0,,,
822,2022-12-07,08:31:50,22.59647,88.401199,37.114079,1.0,,,
823,2022-12-07,08:31:55,22.5963,88.400894,6.88944,1.0,,,
824,2022-12-07,08:32:00,22.596291,88.400894,0.94452,1.0,,,
825,2022-12-07,08:32:05,22.596249,88.400795,8.20436,1.0,,,
826,2022-12-07,08:32:10,22.596161,88.400696,16.038321,1.0,,,
827,2022-12-07,08:32:15,22.59598,88.400497,24.3538,1.0,,,
828,2022-12-07,08:32:21,22.59573,88.400101,38.37344,1.0,,,
829,2022-12-07,08:32:26,22.595449,88.399696,38.299358,1.0,,,
830,2022-12-07,08:32:31,22.59514,88.3993,36.632557,1.0,,,
831,2022-12-07,08:32:36,22.594841,88.398895,40.318039,1.0,,,
832,2022-12-07,08:32:41,22.594549,88.398399,42.392281,1.0,,,
833,2022-12-07,08:32:46,22.59416,88.397797,45.059158,1.0,,,
834,2022-12-07,08:32:51,22.593828,88.397301,45.688839,1.0,,,
835,2022-12-07,08:33:02,22.59309,88.396194,47.559357,1.0,,,
836,2022-12-07,08:33:05,22.593491,88.396797,47.70752,1.0,,,
837,2022-12-07,08:33:07,22.59277,88.395699,36.873322,1.0,,,
838,2022-12-07,08:33:13,22.59248,88.395401,28.243,1.0,,,
839,2022-12-07,08:33:17,22.592129,88.395401,30.206121,1.0,,,
840,2022-12-07,08:33:22,22.591728,88.395599,40.725479,1.0,,,
841,2022-12-07,08:33:27,22.59128,88.395897,44.651722,1.0,,,
842,2022-12-07,08:33:32,22.590769,88.396301,49.74472,1.0,,,
843,2022-12-07,08:33:37,22.590191,88.3965,51.726357,1.0,,,
844,2022-12-07,08:33:42,22.589579,88.396797,51.967121,1.0,,,
845,2022-12-07,08:33:47,22.588961,88.396996,54.985878,1.0,,,
846,2022-12-07,08:33:52,22.58831,88.3974,54.411762,1.0,,,
847,2022-12-07,08:33:58,22.5877,88.397697,50.818878,1.0,,,
848,2022-12-07,08:34:03,22.58712,88.397896,50.374397,1.0,,,
849,2022-12-07,08:34:08,22.58659,88.398201,43.614597,1.0,,,
850,2022-12-07,08:34:13,22.58617,88.398499,33.83604,1.0,,,
851,2022-12-07,08:34:18,22.58584,88.398697,30.761721,1.0,,,
852,2022-12-07,08:34:23,22.585461,88.398895,35.336159,1.0,,,
853,2022-12-07,08:34:28,22.58498,88.399101,29.372721,1.0,,,
854,2022-12-07,08:34:33,22.58477,88.3992,8.72292,1.0,,,
855,2022-12-07,08:34:38,22.584749,88.3992,0.38892,1.0,,,
856,2022-12-07,08:34:43,22.584761,88.3992,0.25928,1.0,,,
857,2022-12-07,08:34:48,22.58477,88.3993,0.2778,1.0,,,
858,2022-12-07,08:34:53,22.584799,88.3993,0.01852,1.0,,,
859,2022-12-07,08:34:58,22.58481,88.3993,0.01852,1.0,,,
860,2022-12-07,08:35:03,22.58481,88.3993,0.01852,1.0,,,
861,2022-12-07,08:35:08,22.58481,88.3993,0.07408,1.0,,,
862,2022-12-07,08:35:13,22.58481,88.3993,0.20372,1.0,,,
863,2022-12-07,08:35:18,22.58481,88.3993,0.12964,1.0,,,
864,2022-12-07,08:35:23,22.584749,88.3993,11.09348,1.0,,,
865,2022-12-07,08:35:28,22.584549,88.399399,17.61252,1.0,,,
866,2022-12-07,08:35:34,22.58433,88.399498,18.834841,1.0,,,
867,2022-12-07,08:35:39,22.584061,88.399597,25.279799,1.0,,,
868,2022-12-07,08:35:44,22.58375,88.399696,26.74288,1.0,,,
869,2022-12-07,08:35:49,22.58342,88.399895,30.669121,1.0,,,
870,2022-12-07,08:35:54,22.583019,88.400002,37.688198,1.0,,,
871,2022-12-07,08:35:59,22.58259,88.400299,37.57708,1.0,,,
872,2022-12-07,08:36:04,22.58214,88.400497,41.281078,1.0,,,
873,2022-12-07,08:36:09,22.581661,88.400696,27.928158,1.0,,,
874,2022-12-07,08:36:14,22.58144,88.400795,11.53796,1.0,,,
875,2022-12-07,08:36:19,22.581341,88.400894,11.07496,1.0,,,
876,2022-12-07,08:36:24,22.5812,88.401001,11.35276,1.0,,,
877,2022-12-07,08:36:29,22.581091,88.401001,10.29712,1.0,,,
878,2022-12-07,08:36:34,22.581011,88.4011,4.14848,1.0,,,
879,2022-12-07,08:36:39,22.580879,88.4011,14.853041,1.0,,,
880,2022-12-07,08:36:45,22.58074,88.401199,15.76052,1.0,,,
881,2022-12-07,08:36:50,22.5805,88.401299,21.3906,1.0,,,
882,2022-12-07,08:36:54,22.580179,88.401398,25.44648,1.0,,,
883,2022-12-07,08:36:59,22.57935,88.401497,38.466038,1.0,,,
884,2022-12-07,08:37:04,22.57876,88.401695,40.058758,1.0,,,
885,2022-12-07,08:37:10,22.578249,88.401794,41.799641,1.0,,,
886,2022-12-07,08:37:15,22.5777,88.402,44.485039,1.0,,,
887,2022-12-07,08:37:20,22.57715,88.4021,45.318439,1.0,,,
888,2022-12-07,08:37:25,22.576599,88.402298,42.207081,1.0,,,
889,2022-12-07,08:37:30,22.57613,88.402397,33.706398,1.0,,,
890,2022-12-07,08:37:35,22.575809,88.402496,17.631041,1.0,,,
891,2022-12-07,08:37:40,22.575699,88.402496,3.90772,1.0,,,
892,2022-12-07,08:37:45,22.575661,88.402496,1.50012,1.0,,,
893,2022-12-07,08:37:50,22.575661,88.402496,0.03704,1.0,,,
894,2022-12-07,08:37:55,22.575649,88.402496,0.1852,1.0,,,
895,2022-12-07,08:38:00,22.575611,88.402496,8.64884,1.0,,,
896,2022-12-07,08:38:05,22.575449,88.402496,19.631199,1.0,,,
897,2022-12-07,08:38:10,22.57515,88.402596,28.03928,1.0,,,
898,2022-12-07,08:38:15,22.57485,88.402695,18.260719,1.0,,,
899,2022-12-07,08:38:20,22.57456,88.402802,30.03944,1.0,,,
900,2022-12-07,08:38:25,22.57411,88.402901,39.39204,1.0,,,
901,2022-12-07,08:38:30,22.57365,88.403099,41.207001,1.0,,,
902,2022-12-07,08:38:35,22.57312,88.403198,44.799881,1.0,,,
903,2022-12-07,08:38:40,22.572561,88.403397,47.022282,1.0,,,
904,2022-12-07,08:38:46,22.57201,88.403595,43.651638,1.0,,,
905,2022-12-07,08:38:51,22.571619,88.403801,21.223919,1.0,,,
906,2022-12-07,08:38:56,22.57155,88.403801,0.05556,1.0,,,
907,2022-12-07,08:39:01,22.57155,88.403801,0.05556,1.0,,,
908,2022-12-07,08:39:06,22.571541,88.403801,0.03704,1.0,,,
909,2022-12-07,08:39:11,22.571529,88.403801,0.0926,1.0,,,
910,2022-12-07,08:39:16,22.571529,88.403801,0.03704,1.0,,,
911,2022-12-07,08:39:21,22.57152,88.403801,0.20372,1.0,,,
912,2022-12-07,08:39:26,22.57152,88.403801,0.07408,1.0,,,
913,2022-12-07,08:39:31,22.57151,88.403801,0.05556,1.0,,,
914,2022-12-07,08:39:36,22.57151,88.403801,0.01852,1.0,,,
915,2022-12-07,08:39:41,22.571499,88.403801,0.0926,1.0,,,
916,2022-12-07,08:39:46,22.571499,88.403801,0.05556,1.0,,,
917,2022-12-07,08:39:51,22.571499,88.403801,0.05556,1.0,,,
918,2022-12-07,08:39:56,22.571499,88.403801,0.72228,1.0,,,
919,2022-12-07,08:40:01,22.57151,88.403801,0.11112,1.0,,,
920,2022-12-07,08:40:06,22.57151,88.403801,0.14816,1.0,,,
921,2022-12-07,08:40:11,22.57151,88.403801,0.24076,1.0,,,
922,2022-12-07,08:40:17,22.57152,88.403801,0.5556,1.0,,,
923,2022-12-07,08:40:22,22.5714,88.403801,16.40872,1.0,,,
924,2022-12-07,08:40:27,22.57111,88.4039,28.168921,1.0,,,
925,2022-12-07,08:40:32,22.570728,88.404099,33.484158,1.0,,,
926,2022-12-07,08:40:37,22.57033,88.404297,37.280758,1.0,,,
927,2022-12-07,08:40:42,22.56987,88.404495,41.207001,1.0,,,
928,2022-12-07,08:40:47,22.569269,88.4048,46.651878,1.0,,,
929,2022-12-07,08:40:52,22.568729,88.405098,51.467079,1.0,,,
930,2022-12-07,08:40:57,22.568129,88.405396,54.282116,1.0,,,
931,2022-12-07,08:41:02,22.567499,88.4058,56.46748,1.0,,,
932,2022-12-07,08:41:07,22.566849,88.406097,57.09716,1.0,,,
933,2022-12-07,08:41:12,22.566191,88.406395,57.134197,1.0,,,
934,2022-12-07,08:41:17,22.565529,88.4067,57.634243,1.0,,,
935,2022-12-07,08:41:23,22.564861,88.406998,57.560162,1.0,,,
936,2022-12-07,08:41:27,22.564199,88.407295,56.6712,1.0,,,
937,2022-12-07,08:41:32,22.56357,88.4076,53.819118,1.0,,,
938,2022-12-07,08:41:37,22.563,88.407799,42.35524,1.0,,,
939,2022-12-07,08:41:42,22.562639,88.407997,22.37216,1.0,,,
940,2022-12-07,08:41:48,22.562561,88.407997,0.2778,1.0,,,
941,2022-12-07,08:41:53,22.562561,88.407997,0.0926,1.0,,,
942,2022-12-07,08:41:58,22.562561,88.407997,0.3704,1.0,,,
943,2022-12-07,08:42:03,22.562561,88.407997,0.20372,1.0,,,
944,2022-12-07,08:42:08,22.562561,88.407997,0.0,1.0,,,
945,2022-12-07,08:42:13,22.562561,88.407997,0.07408,1.0,,,
946,2022-12-07,08:42:18,22.56255,88.407997,0.0926,1.0,,,
947,2022-12-07,08:42:23,22.56255,88.407997,0.07408,1.0,,,
948,2022-12-07,08:42:28,22.56255,88.408096,0.1852,1.0,,,
949,2022-12-07,08:42:33,22.56254,88.408096,3.4262,1.0,,,
950,2022-12-07,08:42:38,22.56241,88.408096,15.68644,1.0,,,
951,2022-12-07,08:42:43,22.562189,88.408195,21.149839,1.0,,,
952,2022-12-07,08:42:48,22.561878,88.408401,31.484001,1.0,,,
953,2022-12-07,08:42:53,22.561499,88.4086,36.465881,1.0,,,
954,2022-12-07,08:42:58,22.5611,88.408897,38.891998,1.0,,,
955,2022-12-07,08:43:03,22.560678,88.409195,45.096199,1.0,,,
956,2022-12-07,08:43:08,22.560211,88.409599,47.226002,1.0,,,
957,2022-12-07,08:43:13,22.55975,88.409996,44.485039,1.0,,,
958,2022-12-07,08:43:18,22.559349,88.410301,36.688122,1.0,,,
959,2022-12-07,08:43:23,22.55909,88.410599,11.68612,1.0,,,
960,2022-12-07,08:43:29,22.559061,88.410599,0.40744,1.0,,,
961,2022-12-07,08:43:34,22.55904,88.4105,0.33336,1.0,,,
962,2022-12-07,08:43:39,22.559019,88.4105,0.42596,1.0,,,
963,2022-12-07,08:43:44,22.55901,88.4105,0.29632,1.0,,,
964,2022-12-07,08:43:49,22.559,88.4105,0.12964,1.0,,,
965,2022-12-07,08:43:54,22.558979,88.4105,0.0926,1.0,,,
966,2022-12-07,08:43:59,22.558969,88.4105,0.11112,1.0,,,
967,2022-12-07,08:44:04,22.55896,88.4105,0.01852,1.0,,,
968,2022-12-07,08:44:09,22.558949,88.4105,3.01876,1.0,,,
969,2022-12-07,08:44:14,22.558849,88.410599,15.66792,1.0,,,
970,2022-12-07,08:44:19,22.55868,88.410797,16.353161,1.0,,,
971,2022-12-07,08:44:24,22.558491,88.410896,22.686998,1.0,,,
972,2022-12-07,08:44:29,22.558249,88.411201,24.501961,1.0,,,
973,2022-12-07,08:44:34,22.558041,88.4114,25.6502,1.0,,,
974,2022-12-07,08:44:39,22.55781,88.411598,19.20524,1.0,,,
975,2022-12-07,08:44:44,22.557661,88.411697,16.242041,1.0,,,
976,2022-12-07,08:44:49,22.557549,88.411797,9.667439,1.0,,,
977,2022-12-07,08:44:54,22.557411,88.411896,17.371761,1.0,,,
978,2022-12-07,08:45:00,22.557159,88.411995,23.038879,1.0,,,
979,2022-12-07,08:45:05,22.55694,88.412094,14.204841,1.0,,,
980,2022-12-07,08:45:10,22.55677,88.412201,14.297441,1.0,,,
981,2022-12-07,08:45:15,22.556511,88.412201,24.594561,1.0,,,
982,2022-12-07,08:45:20,22.55616,88.412094,31.372881,1.0,,,
983,2022-12-07,08:45:25,22.55575,88.411995,38.466038,1.0,,,
984,2022-12-07,08:45:30,22.55529,88.411797,43.818321,1.0,,,
985,2022-12-07,08:45:35,22.55471,88.411301,54.041363,1.0,,,
986,2022-12-07,08:45:40,22.55422,88.410797,55.819279,1.0,,,
987,2022-12-07,08:45:45,22.55373,88.410194,55.245163,1.0,,,
988,2022-12-07,08:45:50,22.553299,88.409599,56.374878,1.0,,,
989,2022-12-07,08:45:55,22.552919,88.408997,51.911556,1.0,,,
990,2022-12-07,08:46:00,22.55261,88.408501,45.911079,1.0,,,
991,2022-12-07,08:46:05,22.552349,88.407997,39.55872,1.0,,,
992,2022-12-07,08:46:10,22.55225,88.407394,47.003757,1.0,,,
993,2022-12-07,08:46:15,22.552179,88.406799,50.800358,1.0,,,
994,2022-12-07,08:46:20,22.55209,88.406097,47.800121,1.0,,,
995,2022-12-07,08:46:26,22.55204,88.405495,39.095722,1.0,,,
996,2022-12-07,08:46:30,22.55184,88.405098,38.632721,1.0,,,
997,2022-12-07,08:46:36,22.551529,88.404594,46.448158,1.0,,,
998,2022-12-07,08:46:41,22.55118,88.404099,49.818798,1.0,,,
999,2022-12-07,08:46:46,22.55077,88.403496,53.726517,1.0,,,
1000,2022-12-07,08:46:51,22.550289,88.402901,54.633999,1.0,,,
1001,2022-12-07,08:46:56,22.54982,88.402397,54.578442,1.0,,,
1002,2022-12-07,08:47:01,22.549379,88.401794,52.318996,1.0,,,
1003,2022-12-07,08:47:06,22.54896,88.401299,49.31876,1.0,,,
1004,2022-12-07,08:47:11,22.548441,88.400696,49.948441,1.0,,,
1005,2022-12-07,08:47:16,22.548019,88.400299,45.52216,1.0,,,
1006,2022-12-07,08:47:21,22.547529,88.400002,49.448399,1.0,,,
1007,2022-12-07,08:47:26,22.546961,88.399696,52.874599,1.0,,,
1008,2022-12-07,08:47:31,22.54628,88.399498,56.523041,1.0,,,
1009,2022-12-07,08:47:36,22.54558,88.399399,58.578762,1.0,,,
1010,2022-12-07,08:47:41,22.544899,88.3992,55.948917,1.0,,,
1011,2022-12-07,08:47:46,22.54421,88.398994,56.004478,1.0,,,
1012,2022-12-07,08:47:51,22.5436,88.398895,43.021957,1.0,,,
1013,2022-12-07,08:47:56,22.543221,88.398796,23.07592,1.0,,,
1014,2022-12-07,08:48:01,22.543039,88.398796,4.59296,1.0,,,
1015,2022-12-07,08:48:06,22.54306,88.398796,0.05556,1.0,,,
1016,2022-12-07,08:48:12,22.54307,88.398796,3.62992,1.0,,,
1017,2022-12-07,08:48:17,22.542919,88.398796,16.50132,1.0,,,
1018,2022-12-07,08:48:22,22.542629,88.398697,29.076399,1.0,,,
1019,2022-12-07,08:48:27,22.542311,88.398499,22.224001,1.0,,,
1020,2022-12-07,08:48:33,22.54204,88.398399,26.187279,1.0,,,
1021,2022-12-07,08:48:37,22.541691,88.398399,30.150558,1.0,,,
1022,2022-12-07,08:48:42,22.541319,88.3983,29.261599,1.0,,,
1023,2022-12-07,08:48:47,22.540939,88.398201,26.187279,1.0,,,
1024,2022-12-07,08:48:52,22.540529,88.398201,36.484398,1.0,,,
1025,2022-12-07,08:48:57,22.539989,88.397995,40.040241,1.0,,,
1026,2022-12-07,08:49:02,22.539478,88.397896,39.855042,1.0,,,
1027,2022-12-07,08:49:08,22.538969,88.397797,36.78072,1.0,,,
1028,2022-12-07,08:49:12,22.538479,88.397697,37.37336,1.0,,,
1029,2022-12-07,08:49:17,22.538,88.397499,38.57716,1.0,,,
1030,2022-12-07,08:49:22,22.53755,88.397499,29.42828,1.0,,,
1031,2022-12-07,08:49:27,22.537199,88.3974,33.521198,1.0,,,
1032,2022-12-07,08:49:32,22.536739,88.397301,37.5956,1.0,,,
1033,2022-12-07,08:49:37,22.536169,88.397202,43.318279,1.0,,,
1034,2022-12-07,08:49:43,22.53577,88.396996,20.927599,1.0,,,
1035,2022-12-07,08:49:48,22.53557,88.396996,9.334081,1.0,,,
1036,2022-12-07,08:49:53,22.535469,88.397202,20.131241,1.0,,,
1037,2022-12-07,08:49:58,22.535311,88.397499,28.946758,1.0,,,
1038,2022-12-07,08:50:03,22.535179,88.397995,43.892399,1.0,,,
1039,2022-12-07,08:50:09,22.535061,88.398598,47.207481,1.0,,,
1040,2022-12-07,08:50:13,22.53492,88.3992,50.31884,1.0,,,
1041,2022-12-07,08:50:18,22.53475,88.399895,49.485439,1.0,,,
1042,2022-12-07,08:50:23,22.534578,88.400696,50.874439,1.0,,,
1043,2022-12-07,08:50:28,22.53443,88.401299,49.7262,1.0,,,
1044,2022-12-07,08:50:33,22.534269,88.401901,46.114799,1.0,,,
1045,2022-12-07,08:50:38,22.534128,88.402496,42.76268,1.0,,,
1046,2022-12-07,08:50:43,22.53393,88.403,31.595121,1.0,,,
1047,2022-12-07,08:50:48,22.533619,88.403099,22.64996,1.0,,,
1048,2022-12-07,08:50:54,22.533449,88.403297,30.780239,1.0,,,
1049,2022-12-07,08:50:58,22.53335,88.403801,36.61404,1.0,,,
1050,2022-12-07,08:51:03,22.53326,88.404198,26.446558,1.0,,,
1051,2022-12-07,08:51:08,22.533161,88.404594,38.262321,1.0,,,
1052,2022-12-07,08:51:13,22.533041,88.405098,41.207001,1.0,,,
1053,2022-12-07,08:51:18,22.532911,88.405701,47.022282,1.0,,,
1054,2022-12-07,08:51:23,22.53278,88.406296,46.818558,1.0,,,
1055,2022-12-07,08:51:28,22.53264,88.406998,47.35564,1.0,,,
1056,2022-12-07,08:51:33,22.53252,88.407501,27.502199,1.0,,,
1057,2022-12-07,08:51:39,22.53245,88.4077,16.61244,1.0,,,
1058,2022-12-07,08:51:44,22.532379,88.407997,28.502281,1.0,,,
1059,2022-12-07,08:51:49,22.53228,88.408501,37.61412,1.0,,,
1060,2022-12-07,08:51:54,22.53216,88.408997,39.57724,1.0,,,
1061,2022-12-07,08:51:59,22.53204,88.4095,35.632481,1.0,,,
1062,2022-12-07,08:52:04,22.531929,88.410095,36.873322,1.0,,,
1063,2022-12-07,08:52:09,22.53182,88.410599,42.892323,1.0,,,
1064,2022-12-07,08:52:14,22.53167,88.411201,50.263279,1.0,,,
1065,2022-12-07,08:52:19,22.531519,88.411896,52.911644,1.0,,,
1066,2022-12-07,08:52:24,22.53137,88.412598,53.059799,1.0,,,
1067,2022-12-07,08:52:29,22.531219,88.4133,50.874439,1.0,,,
1068,2022-12-07,08:52:34,22.531111,88.413795,26.63176,1.0,,,
1069,2022-12-07,08:52:39,22.531019,88.414101,34.132359,1.0,,,
1070,2022-12-07,08:52:44,22.530899,88.414597,40.16988,1.0,,,
1071,2022-12-07,08:52:51,22.53076,88.415199,45.207321,1.0,,,
1072,2022-12-07,08:52:54,22.530611,88.415794,50.50404,1.0,,,
1073,2022-12-07,08:52:59,22.53047,88.416496,51.448559,1.0,,,
1074,2022-12-07,08:53:04,22.530319,88.417198,45.707359,1.0,,,
1075,2022-12-07,08:53:09,22.53017,88.417801,48.92984,1.0,,,
1076,2022-12-07,08:53:15,22.53002,88.418495,54.393242,1.0,,,
1077,2022-12-07,08:53:20,22.529869,88.419197,51.244839,1.0,,,
1078,2022-12-07,08:53:25,22.52972,88.4198,50.615158,1.0,,,
1079,2022-12-07,08:53:30,22.529579,88.420494,48.50388,1.0,,,
1080,2022-12-07,08:53:35,22.52948,88.420898,16.00128,1.0,,,
1081,2022-12-07,08:53:40,22.529428,88.421097,14.853041,1.0,,,
1082,2022-12-07,08:53:45,22.529379,88.421295,13.204761,1.0,,,
1083,2022-12-07,08:53:50,22.529289,88.421394,11.35276,1.0,,,
1084,2022-12-07,08:53:55,22.5292,88.421394,4.7226,1.0,,,
1085,2022-12-07,08:54:00,22.52914,88.421295,6.33384,1.0,,,
1086,2022-12-07,08:54:05,22.52902,88.421295,14.66784,1.0,,,
1087,2022-12-07,08:54:10,22.52886,88.421196,15.908679,1.0,,,
1088,2022-12-07,08:54:15,22.52866,88.421097,13.16772,1.0,,,
1089,2022-12-07,08:54:20,22.52858,88.421097,3.50028,1.0,,,
1090,2022-12-07,08:54:25,22.528528,88.421097,1.5742,1.0,,,
1091,2022-12-07,08:54:30,22.52846,88.421097,4.4448,1.0,,,
1092,2022-12-07,08:54:35,22.528391,88.420998,4.79668,1.0,,,
1093,2022-12-07,08:54:40,22.528349,88.420998,2.88912,1.0,,,
1094,2022-12-07,08:54:45,22.528339,88.420998,1.24084,1.0,,,
1095,2022-12-07,08:54:50,22.528299,88.420998,4.55592,1.0,,,
1096,2022-12-07,08:54:56,22.528229,88.420998,5.9264,1.0,,,
1097,2022-12-07,08:55:01,22.528139,88.420998,9.3526,1.0,,,
1098,2022-12-07,08:55:06,22.52799,88.420998,11.3898,1.0,,,
1099,2022-12-07,08:55:11,22.527828,88.421097,15.13084,1.0,,,
1100,2022-12-07,08:55:16,22.527649,88.421097,15.056761,1.0,,,
1101,2022-12-07,08:55:21,22.52743,88.421196,22.07584,1.0,,,
1102,2022-12-07,08:55:26,22.527149,88.421295,26.42804,1.0,,,
1103,2022-12-07,08:55:31,22.526819,88.421394,25.816879,1.0,,,
1104,2022-12-07,08:55:36,22.526609,88.421501,18.964479,1.0,,,
1105,2022-12-07,08:55:41,22.52632,88.4216,27.391081,1.0,,,
1106,2022-12-07,08:55:46,22.52599,88.4217,23.48336,1.0,,,
1107,2022-12-07,08:55:51,22.525869,88.421799,10.29712,1.0,,,
1108,2022-12-07,08:55:56,22.525669,88.421799,23.298161,1.0,,,
1109,2022-12-07,08:56:01,22.52536,88.421997,28.761559,1.0,,,
1110,2022-12-07,08:56:06,22.52499,88.422096,27.020681,1.0,,,
1111,2022-12-07,08:56:11,22.52467,88.422195,24.094521,1.0,,,
1112,2022-12-07,08:56:16,22.524441,88.422195,12.26024,1.0,,,
1113,2022-12-07,08:56:21,22.524321,88.422096,6.3894,1.0,,,
1114,2022-12-07,08:56:26,22.524269,88.421997,9.55632,1.0,,,
1115,2022-12-07,08:56:31,22.524139,88.421898,20.131241,1.0,,,
1116,2022-12-07,08:56:36,22.52392,88.4217,25.85392,1.0,,,
1117,2022-12-07,08:56:42,22.523689,88.421394,18.90892,1.0,,,
1118,2022-12-07,08:56:47,22.523579,88.421295,8.7044,1.0,,,
1119,2022-12-07,08:56:52,22.52351,88.421196,11.112,1.0,,,
1120,2022-12-07,08:56:57,22.523369,88.421097,19.927521,1.0,,,
1121,2022-12-07,08:57:02,22.52317,88.420799,24.3538,1.0,,,
1122,2022-12-07,08:57:07,22.52297,88.420601,26.261358,1.0,,,
1123,2022-12-07,08:57:12,22.522739,88.420296,16.149441,1.0,,,
1124,2022-12-07,08:57:17,22.5226,88.420197,13.464041,1.0,,,
1125,2022-12-07,08:57:22,22.522419,88.419998,19.223761,1.0,,,
1126,2022-12-07,08:57:27,22.52227,88.419899,13.556641,1.0,,,
1127,2022-12-07,08:57:32,22.52219,88.4198,6.25976,1.0,,,
1128,2022-12-07,08:57:37,22.522129,88.419701,8.27844,1.0,,,
1129,2022-12-07,08:57:42,22.52202,88.419601,15.353079,1.0,,,
1130,2022-12-07,08:57:47,22.521839,88.419395,23.131479,1.0,,,
1131,2022-12-07,08:57:52,22.52162,88.419197,26.261358,1.0,,,
1132,2022-12-07,08:57:57,22.521441,88.418999,18.59408,1.0,,,
1133,2022-12-07,08:58:02,22.521229,88.418701,26.72436,1.0,,,
1134,2022-12-07,08:58:07,22.52096,88.418396,33.113758,1.0,,,
1135,2022-12-07,08:58:12,22.520649,88.418098,36.095482,1.0,,,
1136,2022-12-07,08:58:17,22.520329,88.417801,31.187681,1.0,,,
1137,2022-12-07,08:58:23,22.52006,88.417496,32.20628,1.0,,,
1138,2022-12-07,08:58:28,22.51977,88.417198,33.22488,1.0,,,
1139,2022-12-07,08:58:33,22.51948,88.416901,25.66872,1.0,,,
1140,2022-12-07,08:58:38,22.519239,88.416595,25.96504,1.0,,,
1141,2022-12-07,08:58:43,22.51902,88.416397,17.168039,1.0,,,
1142,2022-12-07,08:58:48,22.5189,88.416397,6.14864,1.0,,,
1143,2022-12-07,08:58:53,22.518789,88.416595,19.50156,1.0,,,
1144,2022-12-07,08:58:58,22.51877,88.416801,19.705278,1.0,,,
1145,2022-12-07,08:59:03,22.518641,88.417,15.29752,1.0,,,
1146,2022-12-07,08:59:08,22.518579,88.417198,7.7784,1.0,,,
1147,2022-12-07,08:59:13,22.518469,88.417297,17.927361,1.0,,,
1148,2022-12-07,08:59:18,22.518391,88.417496,17.353241,1.0,,,
1149,2022-12-07,08:59:23,22.51828,88.417801,18.7978,1.0,,,
1150,2022-12-07,08:59:28,22.518219,88.417999,10.90828,1.0,,,
1151,2022-12-07,08:59:33,22.518169,88.418198,20.316441,1.0,,,
1152,2022-12-07,08:59:38,22.518099,88.418396,7.94508,1.0,,,
1153,2022-12-07,08:59:43,22.51804,88.418495,11.09348,1.0,,,
1154,2022-12-07,08:59:48,22.51791,88.418396,12.66768,1.0,,,
1155,2022-12-07,08:59:53,22.517778,88.418396,13.72332,1.0,,,
1156,2022-12-07,08:59:58,22.517649,88.418396,17.2236,1.0,,,
1157,2022-12-07,09:00:04,22.51746,88.418396,15.66792,1.0,,,
1158,2022-12-07,09:00:09,22.5173,88.418396,8.519199,1.0,,,
1159,2022-12-07,09:00:14,22.517269,88.418495,10.03784,1.0,,,
1160,2022-12-07,09:00:19,22.517199,88.418495,11.889839,1.0,,,
1161,2022-12-07,09:00:24,22.516991,88.418396,17.29768,1.0,,,
1162,2022-12-07,09:00:29,22.516939,88.418495,3.22248,1.0,,,
1163,2022-12-07,09:00:34,22.516949,88.418495,0.77784,1.0,,,
1164,2022-12-07,09:00:39,22.516949,88.418495,0.03704,1.0,,,
1165,2022-12-07,09:00:44,22.516949,88.418495,0.51856,1.0,,,
1166,2022-12-07,09:00:49,22.516939,88.418495,0.29632,1.0,,,
1167,2022-12-07,09:00:54,22.516949,88.418495,0.8334,1.0,,,
1168,2022-12-07,09:00:59,22.516939,88.418495,0.48152,1.0,,,
1169,2022-12-07,09:01:04,22.516949,88.418495,0.31484,1.0,,,
1170,2022-12-07,09:01:09,22.516939,88.418495,0.07408,1.0,,,
1171,2022-12-07,09:01:14,22.51693,88.418495,0.1852,1.0,,,
1172,2022-12-07,09:01:19,22.51693,88.418495,1.83348,1.0,,,
1173,2022-12-07,09:01:24,22.516911,88.418495,1.16676,1.0,,,
1174,2022-12-07,09:01:29,22.51692,88.418495,0.25928,1.0,,,
1175,2022-12-07,09:01:34,22.51692,88.418495,1.03712,1.0,,,
1176,2022-12-07,09:01:39,22.51693,88.418495,1.25936,1.0,,,
1177,2022-12-07,09:01:45,22.516911,88.418495,1.83348,1.0,,,
1178,2022-12-07,09:01:50,22.51689,88.418495,1.87052,1.0,,,
1179,2022-12-07,09:01:55,22.51689,88.418495,2.27796,1.0,,,
1180,2022-12-07,09:02:00,22.516899,88.418495,2.35204,1.0,,,
1181,2022-12-07,09:02:05,22.51692,88.418495,2.55576,1.0,,,
1182,2022-12-07,09:02:10,22.51692,88.418495,3.29656,1.0,,,
1183,2022-12-07,09:02:15,22.516911,88.418495,3.35212,1.0,,,
1184,2022-12-07,09:02:20,22.51689,88.418495,2.66688,1.0,,,
1185,2022-12-07,09:02:25,22.516861,88.418495,1.59272,1.0,,,
1186,2022-12-07,09:02:30,22.516861,88.418495,1.59272,1.0,,,
1187,2022-12-07,09:02:36,22.516861,88.418495,1.59272,1.0,,,
1188,2022-12-07,09:02:41,22.51742,88.4188,1.92608,1.0,,,
1189,2022-12-07,09:02:45,22.517191,88.418701,5.25968,1.0,,,
1190,2022-12-07,09:02:50,22.51717,88.418701,4.18552,1.0,,,
1191,2022-12-07,09:02:55,22.51717,88.418701,4.18552,1.0,,,
1192,2022-12-07,09:03:00,22.51787,88.418999,18.6126,1.0,,,
1193,2022-12-07,09:03:05,22.518021,88.418999,14.9086,1.0,,,
1194,2022-12-07,09:03:10,22.51759,88.4189,6.945,1.0,,,
1195,2022-12-07,09:03:15,22.51749,88.4188,6.79684,1.0,,,
